log_date,user_id,payment
2013-05-01,804005,571
2013-05-01,793537,81
2013-05-01,317717,81
2013-05-01,317717,81
2013-05-01,426525,324
2013-05-01,540544,243
2013-05-02,921809,81
2013-05-02,793537,81
2013-05-02,129795,162
2013-05-02,540544,571
2013-05-02,540544,243
2013-05-03,698195,571
2013-05-03,804005,571
2013-05-03,804005,571
2013-05-03,554685,81
2013-05-03,921809,81
2013-05-03,426525,162
2013-05-03,740443,81
2013-05-03,540544,1333
2013-05-04,776853,1333
2013-05-04,858567,2571
2013-05-04,804005,571
2013-05-04,184158,1333
2013-05-04,921809,81
2013-05-04,335485,81
2013-05-05,804005,571
2013-05-05,554685,81
2013-05-05,905541,571
2013-05-05,905541,571
2013-05-05,540544,162
2013-05-05,540544,81
2013-05-05,981360,571
2013-05-05,981360,571
2013-05-05,384724,571
2013-05-06,184158,2571
2013-05-06,538108,1333
2013-05-06,517929,81
2013-05-07,658531,162
2013-05-07,544833,81
2013-05-07,784949,81
2013-05-07,918669,571
2013-05-08,918669,571
2013-05-09,918669,162
2013-05-10,804005,571
2013-05-10,804005,571
2013-05-10,108347,1333
2013-05-10,140581,1333
2013-05-10,918669,81
2013-05-11,340641,81
2013-05-11,698195,571
2013-05-11,596056,571
2013-05-11,918669,571
2013-05-11,918669,81
2013-05-12,340641,571
2013-05-12,698195,81
2013-05-12,804005,571
2013-05-12,32081,81
2013-05-12,273948,81
2013-05-12,426525,81
2013-05-12,700144,81
2013-05-12,708672,324
2013-05-12,708672,571
2013-05-12,981360,571
2013-05-12,918669,571
2013-05-12,538108,1333
2013-05-13,32081,571
2013-05-13,32081,1333
2013-05-13,291492,243
2013-05-13,291492,324
2013-05-13,426525,162
2013-05-13,540544,81
2013-05-13,918669,81
2013-05-14,291492,571
2013-05-14,291492,81
2013-05-14,636668,243
2013-05-15,698195,571
2013-05-15,804005,571
2013-05-15,32081,1333
2013-05-15,636668,81
2013-05-15,918669,162
2013-05-16,343705,81
2013-05-16,5332,1333
2013-05-16,544833,162
2013-05-16,18886,162
2013-05-16,18886,1333
2013-05-16,596056,81
2013-05-16,714368,81
2013-05-16,921347,571
2013-05-16,636668,243
2013-05-17,343705,81
2013-05-17,921809,81
2013-05-17,440128,81
2013-05-17,714368,81
2013-05-17,636668,162
2013-05-17,540544,81
2013-05-18,596056,81
2013-05-18,921809,81
2013-05-18,714368,81
2013-05-18,426525,571
2013-05-18,378736,571
2013-05-18,228497,81
2013-05-18,404727,571
2013-05-18,540544,324
2013-05-18,384724,571
2013-05-18,384724,162
2013-05-19,343705,81
2013-05-19,698195,571
2013-05-19,804005,162
2013-05-19,804005,1142
2013-05-19,18886,1333
2013-05-19,921809,81
2013-05-19,714368,243
2013-05-19,240436,81
2013-05-19,378736,571
2013-05-19,636668,243
2013-05-20,18886,1333
2013-05-20,195413,162
2013-05-20,285333,81
2013-05-21,343705,81
2013-05-21,698195,571
2013-05-21,5989,571
2013-05-21,5989,324
2013-05-21,5989,571
2013-05-21,924711,1333
2013-05-21,924711,571
2013-05-21,285333,81
2013-05-22,343705,81
2013-05-22,698195,162
2013-05-22,921809,81
2013-05-22,140581,571
2013-05-22,19115,571
2013-05-22,924711,2571
2013-05-22,981360,571
2013-05-22,918669,571
2013-05-23,804005,571
2013-05-23,804005,972
2013-05-23,18886,1333
2013-05-23,714368,81
2013-05-23,799937,81
2013-05-23,19115,571
2013-05-23,19115,571
2013-05-23,19115,1333
2013-05-23,5989,162
2013-05-23,5989,571
2013-05-23,540544,81
2013-05-23,798306,162
2013-05-24,343705,81
2013-05-24,804005,571
2013-05-24,921809,162
2013-05-24,714368,162
2013-05-24,378736,571
2013-05-24,19115,571
2013-05-24,19115,571
2013-05-24,5989,162
2013-05-24,285333,81
2013-05-25,698195,571
2013-05-25,698195,162
2013-05-25,251341,81
2013-05-25,804005,571
2013-05-25,921809,81
2013-05-25,603365,81
2013-05-25,19115,162
2013-05-25,19115,571
2013-05-25,924711,1333
2013-05-25,924711,571
2013-05-25,918669,162
2013-05-25,918669,571
2013-05-25,918669,81
2013-05-26,698195,571
2013-05-26,698195,486
2013-05-26,698195,571
2013-05-26,804005,571
2013-05-26,804005,571
2013-05-26,32081,162
2013-05-26,533350,162
2013-05-26,921809,81
2013-05-26,714368,81
2013-05-26,19115,571
2013-05-26,82690,162
2013-05-26,981360,1333
2013-05-26,981360,81
2013-05-26,285333,81
2013-05-26,918669,243
2013-05-26,918669,81
2013-05-26,918669,571
2013-05-26,918669,324
2013-05-27,698195,333
2013-05-27,804005,333
2013-05-27,18886,333
2013-05-28,343705,333
2013-05-28,698195,571
2013-05-28,5332,1333
2013-05-28,18886,1333
2013-05-28,18886,1333
2013-05-28,18886,333
2013-05-28,921809,81
2013-05-28,5989,333
2013-05-28,453539,162
2013-05-28,538108,162
2013-05-28,538108,1333
2013-05-29,698195,1333
2013-05-29,518124,571
2013-05-29,726828,81
2013-05-29,18886,162
2013-05-29,533350,162
2013-05-29,140581,571
2013-05-29,453539,162
2013-05-30,343705,81
2013-05-30,698195,571
2013-05-30,804005,571
2013-05-30,144019,648
2013-05-30,921809,571
2013-05-30,312073,81
2013-05-30,891356,810
2013-05-31,331382,81
2013-05-31,518124,571
2013-05-31,533350,162
2013-05-31,711765,81
2013-05-31,711765,571
2013-05-31,711765,1333
2013-05-31,711765,571
2013-05-31,921347,571
2013-05-31,891356,162
2013-05-31,922822,162
2013-06-01,698195,1333
2013-06-01,804349,81
2013-06-01,804005,571
2013-06-01,711765,571
2013-06-01,711765,1333
2013-06-01,711765,648
2013-06-01,711765,1142
2013-06-01,714368,571
2013-06-01,405247,81
2013-06-01,921347,162
2013-06-01,285333,81
2013-06-01,440402,1333
2013-06-02,776853,571
2013-06-02,776853,1333
2013-06-02,343705,81
2013-06-02,804005,571
2013-06-02,804005,162
2013-06-02,18886,571
2013-06-02,18886,571
2013-06-02,887549,571
2013-06-02,921809,81
2013-06-02,921809,162
2013-06-02,921809,162
2013-06-02,711765,571
2013-06-02,711765,571
2013-06-02,711765,1333
2013-06-02,196570,162
2013-06-02,196570,0
2013-06-02,414531,571
2013-06-02,414531,324
2013-06-02,714368,162
2013-06-02,714368,571
2013-06-02,539596,571
2013-06-02,921347,324
2013-06-02,921347,571
2013-06-02,921347,1333
2013-06-02,921347,162
2013-06-02,921347,81
2013-06-02,974066,162
2013-06-02,683643,243
2013-06-02,981360,1142
2013-06-02,981360,1333
2013-06-02,981360,571
2013-06-02,918669,81
2013-06-02,918669,162
2013-06-02,918669,571
2013-06-02,918669,243
2013-06-03,698195,333
2013-06-03,570270,81
2013-06-03,19115,571
2013-06-03,19115,571
2013-06-03,5989,333
2013-06-03,974066,162
2013-06-03,656757,162
2013-06-03,656757,81
2013-06-03,656757,162
2013-06-03,441063,571
2013-06-04,698195,666
2013-06-04,698195,1333
2013-06-04,804005,571
2013-06-04,5332,1333
2013-06-04,18886,1333
2013-06-04,18886,333
2013-06-04,18886,1333
2013-06-04,570270,571
2013-06-04,539596,333
2013-06-04,140581,2571
2013-06-04,140581,333
2013-06-04,891356,486
2013-06-04,891356,162
2013-06-04,285333,162
2013-06-05,698195,81
2013-06-05,140581,571
2013-06-05,854994,81
2013-06-05,19115,1333
2013-06-05,19115,1333
2013-06-05,891356,81
2013-06-05,891356,486
2013-06-05,891356,81
2013-06-05,891356,162
2013-06-05,411347,162
2013-06-05,80220,571
2013-06-05,80220,571
2013-06-05,956155,162
2013-06-05,956155,162
2013-06-05,918669,571
2013-06-05,918669,571
2013-06-06,804005,571
2013-06-06,596056,81
2013-06-06,533350,162
2013-06-06,426525,571
2013-06-06,332840,486
2013-06-06,974066,162
2013-06-06,411347,162
2013-06-06,80220,571
2013-06-06,80220,324
2013-06-06,16103,162
2013-06-06,505578,162
2013-06-06,538108,1333
2013-06-07,343705,162
2013-06-07,698195,1333
2013-06-07,144019,486
2013-06-07,714368,571
2013-06-07,426525,162
2013-06-07,604555,81
2013-06-07,622770,81
2013-06-07,80220,486
2013-06-07,80220,486
2013-06-07,285333,81
2013-06-07,749959,81
2013-06-07,749959,571
2013-06-07,441063,1333
2013-06-08,119569,162
2013-06-08,18886,571
2013-06-08,533350,162
2013-06-08,921809,81
2013-06-08,929087,571
2013-06-08,981360,1333
2013-06-08,80220,81
2013-06-08,206097,1333
2013-06-08,994851,81
2013-06-08,918669,162
2013-06-08,441063,1333
2013-06-08,441063,571
2013-06-09,343705,81
2013-06-09,213086,81
2013-06-09,18886,1333
2013-06-09,696561,81
2013-06-09,80220,162
2013-06-09,80220,81
2013-06-09,80220,648
2013-06-09,80220,571
2013-06-09,441063,1333
2013-06-09,441063,571
2013-06-10,776853,952
2013-06-10,343705,333
2013-06-10,698195,571
2013-06-10,698195,952
2013-06-10,804005,333
2013-06-10,18886,952
2013-06-10,596056,81
2013-06-10,603365,81
2013-06-10,603365,81
2013-06-10,574596,571
2013-06-10,389329,81
2013-06-10,696561,162
2013-06-10,5989,952
2013-06-10,974066,162
2013-06-10,981360,571
2013-06-10,80220,81
2013-06-10,80220,666
2013-06-10,80220,81
2013-06-10,285333,333
2013-06-10,285333,162
2013-06-10,206097,952
2013-06-10,956155,81
2013-06-10,918669,81
2013-06-11,776853,1333
2013-06-11,776853,952
2013-06-11,776853,571
2013-06-11,698195,952
2013-06-11,804005,571
2013-06-11,804005,571
2013-06-11,213086,81
2013-06-11,692383,333
2013-06-11,18886,1333
2013-06-11,18886,952
2013-06-11,596056,333
2013-06-11,802729,162
2013-06-11,121087,162
2013-06-11,321441,571
2013-06-11,974066,571
2013-06-11,989282,81
2013-06-11,989282,81
2013-06-11,540544,81
2013-06-11,411347,571
2013-06-11,285333,81
2013-06-11,749959,571
2013-06-11,538108,952
2013-06-12,832486,571
2013-06-12,832486,81
2013-06-12,343705,81
2013-06-12,804005,571
2013-06-12,804005,162
2013-06-12,852693,571
2013-06-12,852693,81
2013-06-12,852693,162
2013-06-12,852693,571
2013-06-12,572593,81
2013-06-12,696561,81
2013-06-12,266848,571
2013-06-12,266848,81
2013-06-12,371199,162
2013-06-12,981360,1333
2013-06-12,426652,81
2013-06-12,667472,81
2013-06-12,918669,162
2013-06-12,441063,1333
2013-06-13,698195,1333
2013-06-13,698195,1333
2013-06-13,804005,1333
2013-06-13,5332,1333
2013-06-13,18282,162
2013-06-13,103581,81
2013-06-13,103581,81
2013-06-13,604555,81
2013-06-13,140581,571
2013-06-13,285333,81
2013-06-13,994851,81
2013-06-13,163662,571
2013-06-13,749959,571
2013-06-13,749959,81
2013-06-14,5332,162
2013-06-14,5332,1333
2013-06-14,692383,81
2013-06-14,692383,81
2013-06-14,533350,162
2013-06-14,103581,571
2013-06-14,720395,81
2013-06-14,891356,324
2013-06-14,981360,324
2013-06-14,411347,648
2013-06-14,285333,0
2013-06-14,206097,2571
2013-06-14,163662,571
2013-06-14,163662,81
2013-06-15,776853,162
2013-06-15,832486,1142
2013-06-15,832486,162
2013-06-15,832486,324
2013-06-15,343705,81
2013-06-15,698195,1333
2013-06-15,698195,162
2013-06-15,518124,571
2013-06-15,213086,571
2013-06-15,5332,162
2013-06-15,692383,81
2013-06-15,596056,162
2013-06-15,932452,81
2013-06-15,570270,1333
2013-06-15,986582,162
2013-06-15,843768,162
2013-06-15,891356,81
2013-06-15,891356,162
2013-06-15,891356,324
2013-06-15,411347,162
2013-06-15,80220,405
2013-06-15,80220,571
2013-06-15,80220,810
2013-06-15,206097,1333
2013-06-16,776853,324
2013-06-16,776853,1333
2013-06-16,832486,162
2013-06-16,343705,162
2013-06-16,818870,81
2013-06-16,818870,81
2013-06-16,698195,1333
2013-06-16,804005,162
2013-06-16,518124,571
2013-06-16,213086,162
2013-06-16,5332,1333
2013-06-16,18886,571
2013-06-16,18886,571
2013-06-16,340034,81
2013-06-16,340034,81
2013-06-16,103581,571
2013-06-16,13356,162
2013-06-16,854994,571
2013-06-16,646166,81
2013-06-16,731348,81
2013-06-16,981360,810
2013-06-16,981360,571
2013-06-16,981360,162
2013-06-16,981360,1142
2013-06-16,981360,81
2013-06-16,80220,81
2013-06-16,80220,486
2013-06-16,80220,81
2013-06-16,285333,162
2013-06-16,285333,0
2013-06-16,730424,81
2013-06-16,730424,1333
2013-06-16,163662,81
2013-06-17,832486,81
2013-06-17,832486,333
2013-06-17,804005,1333
2013-06-17,321574,162
2013-06-17,5332,162
2013-06-17,603365,81
2013-06-17,13356,162
2013-06-17,285333,81
2013-06-17,441063,952
2013-06-18,698195,81
2013-06-18,18886,1333
2013-06-18,18886,1333
2013-06-18,18886,952
2013-06-18,596056,81
2013-06-18,285333,81
2013-06-18,441063,1333
2013-06-18,194248,952
2013-06-19,698195,1333
2013-06-19,698195,1333
2013-06-19,692383,81
2013-06-19,596056,81
2013-06-19,539596,571
2013-06-19,882951,162
2013-06-19,83778,162
2013-06-19,49270,243
2013-06-19,5989,81
2013-06-19,458026,162
2013-06-19,356155,81
2013-06-19,194248,1333
2013-06-19,194248,571
2013-06-20,5332,162
2013-06-20,5332,1333
2013-06-20,158918,81
2013-06-20,539596,1333
2013-06-20,86540,571
2013-06-20,49270,81
2013-06-20,49270,162
2013-06-20,49270,162
2013-06-20,266848,81
2013-06-20,266848,81
2013-06-20,458026,571
2013-06-20,69430,1333
2013-06-20,326860,81
2013-06-20,326860,405
2013-06-20,194248,1333
2013-06-21,692383,162
2013-06-21,921809,571
2013-06-21,882951,81
2013-06-21,686386,162
2013-06-21,981360,571
2013-06-21,326860,81
2013-06-21,326860,81
2013-06-22,343705,571
2013-06-22,698195,1333
2013-06-22,698195,1333
2013-06-22,698195,486
2013-06-22,804005,1333
2013-06-22,5332,1333
2013-06-22,5332,162
2013-06-22,692383,81
2013-06-22,144019,162
2013-06-22,596056,81
2013-06-22,922822,81
2013-06-22,726093,81
2013-06-22,194248,324
2013-06-22,194248,571
2013-06-22,194248,571
2013-06-23,880610,81
2013-06-23,473727,810
2013-06-23,692383,243
2013-06-23,887549,571
2013-06-23,887549,324
2013-06-23,802729,571
2013-06-23,802729,571
2013-06-23,802729,162
2013-06-23,176590,81
2013-06-23,176590,81
2013-06-23,921809,243
2013-06-23,921809,81
2013-06-23,921809,162
2013-06-23,196570,1333
2013-06-23,292648,571
2013-06-23,292648,571
2013-06-23,414531,162
2013-06-23,822191,571
2013-06-23,616302,81
2013-06-23,616302,571
2013-06-23,69430,2571
2013-06-23,981360,1333
2013-06-24,776853,571
2013-06-24,776853,952
2013-06-24,698195,571
2013-06-24,804005,162
2013-06-24,804005,571
2013-06-24,692383,333
2013-06-24,144019,162
2013-06-24,816387,81
2013-06-24,816387,333
2013-06-24,596056,333
2013-06-24,624012,243
2013-06-24,660000,333
2013-06-24,266848,1142
2013-06-24,266848,81
2013-06-24,266848,1333
2013-06-24,266848,81
2013-06-24,266848,1333
2013-06-24,211199,333
2013-06-24,726093,81
2013-06-24,726093,162
2013-06-25,776853,1333
2013-06-25,776853,0
2013-06-25,343705,333
2013-06-25,698195,952
2013-06-25,183356,324
2013-06-25,183356,243
2013-06-25,183356,1142
2013-06-25,473727,952
2013-06-25,692383,81
2013-06-25,692383,333
2013-06-25,18886,952
2013-06-25,18886,1333
2013-06-25,118158,333
2013-06-25,426884,81
2013-06-25,426884,571
2013-06-25,266848,952
2013-06-25,686748,162
2013-06-25,206097,2571
2013-06-25,538108,952
2013-06-25,538108,571
2013-06-26,698195,2571
2013-06-26,183356,571
2013-06-26,183356,571
2013-06-26,183356,405
2013-06-26,183356,162
2013-06-26,23929,81
2013-06-26,804005,162
2013-06-26,804005,1333
2013-06-26,407267,571
2013-06-26,692383,81
2013-06-26,692383,571
2013-06-26,624012,81
2013-06-26,292648,162
2013-06-26,499026,81
2013-06-26,426884,1333
2013-06-26,266848,2571
2013-06-26,266848,571
2013-06-26,549194,81
2013-06-26,549194,405
2013-06-26,549194,571
2013-06-26,638631,405
2013-06-27,698195,162
2013-06-27,183356,571
2013-06-27,804005,571
2013-06-27,373075,162
2013-06-27,518124,571
2013-06-27,473727,810
2013-06-27,727767,81
2013-06-27,569800,571
2013-06-27,549194,571
2013-06-27,549194,162
2013-06-27,549194,571
2013-06-27,211199,571
2013-06-27,538108,1333
2013-06-27,26623,486
2013-06-28,804005,1333
2013-06-28,692383,81
2013-06-28,596056,81
2013-06-28,596056,81
2013-06-28,570270,1333
2013-06-28,414531,324
2013-06-28,604555,81
2013-06-28,266848,2571
2013-06-28,266848,1333
2013-06-28,266848,162
2013-06-28,266848,571
2013-06-28,646166,81
2013-06-28,731348,162
2013-06-28,5989,571
2013-06-28,402790,81
2013-06-28,981360,571
2013-06-28,411347,648
2013-06-28,285333,162
2013-06-28,922822,81
2013-06-28,211199,571
2013-06-28,918669,162
2013-06-29,343705,162
2013-06-29,698195,1333
2013-06-29,804005,162
2013-06-29,692383,162
2013-06-29,692383,81
2013-06-29,18886,571
2013-06-29,144019,162
2013-06-29,932452,162
2013-06-29,921809,162
2013-06-29,292648,162
2013-06-29,414531,324
2013-06-29,604555,81
2013-06-29,574596,81
2013-06-29,178215,81
2013-06-29,854684,81
2013-06-29,726093,81
2013-06-30,343705,162
2013-06-30,698195,324
2013-06-30,183356,324
2013-06-30,804005,324
2013-06-30,518124,571
2013-06-30,238725,162
2013-06-30,18886,1333
2013-06-30,18886,571
2013-06-30,18282,81
2013-06-30,574596,81
2013-06-30,804897,81
2013-06-30,348009,1333
2013-06-30,178215,243
2013-06-30,981360,1333
2013-06-30,15043,571
2013-06-30,918669,81
2013-06-30,538108,162
2013-07-01,671354,81
2013-07-01,596056,81
2013-07-01,477047,162
2013-07-01,49270,162
2013-07-01,348009,571
2013-07-01,348009,1429
2013-07-01,5989,571
2013-07-01,989282,81
2013-07-01,356155,81
2013-07-02,183356,571
2013-07-02,183356,324
2013-07-02,804005,1333
2013-07-02,5332,1333
2013-07-02,5332,1333
2013-07-02,692383,333
2013-07-02,692383,81
2013-07-02,18886,1333
2013-07-02,18886,1429
2013-07-02,596056,81
2013-07-02,196570,1333
2013-07-02,635305,333
2013-07-02,49270,571
2013-07-02,959923,81
2013-07-02,981360,1333
2013-07-02,206097,2571
2013-07-02,419837,1429
2013-07-02,26623,81
2013-07-03,698195,1333
2013-07-03,698195,2666
2013-07-03,241348,243
2013-07-03,692383,162
2013-07-03,529714,81
2013-07-03,660660,81
2013-07-03,83247,81
2013-07-03,981360,571
2013-07-04,804005,571
2013-07-04,596056,81
2013-07-04,108347,571
2013-07-04,176590,81
2013-07-04,727767,81
2013-07-04,655373,81
2013-07-04,49270,1333
2013-07-04,49270,1333
2013-07-04,472956,324
2013-07-04,734110,571
2013-07-04,989282,81
2013-07-04,792874,81
2013-07-04,549194,162
2013-07-04,26623,162
2013-07-05,692383,81
2013-07-05,921809,162
2013-07-05,635305,162
2013-07-05,604555,571
2013-07-05,472956,162
2013-07-05,472956,162
2013-07-05,472956,324
2013-07-05,5989,162
2013-07-05,989282,243
2013-07-05,26623,81
2013-07-06,343705,571
2013-07-06,698195,1333
2013-07-06,921809,324
2013-07-06,276572,81
2013-07-06,276572,81
2013-07-06,714368,81
2013-07-06,714368,571
2013-07-06,714368,324
2013-07-06,636493,243
2013-07-06,49270,81
2013-07-06,356155,81
2013-07-07,698195,1333
2013-07-07,509871,571
2013-07-07,5332,162
2013-07-07,5332,1333
2013-07-07,5332,1333
2013-07-07,921809,81
2013-07-07,921809,324
2013-07-07,921809,571
2013-07-07,901163,81
2013-07-07,779763,324
2013-07-07,714368,81
2013-07-07,714368,162
2013-07-07,591974,81
2013-07-07,49270,571
2013-07-07,49270,1142
2013-07-07,49270,162
2013-07-07,49270,81
2013-07-07,667018,81
2013-07-07,25753,81
2013-07-07,989282,81
2013-07-07,981360,1333
2013-07-07,549194,571
2013-07-07,549194,324
2013-07-07,326860,1333
2013-07-07,538108,2571
2013-07-07,26623,162
2013-07-08,509871,162
2013-07-08,509871,571
2013-07-08,509871,571
2013-07-08,804005,1524
2013-07-08,804005,1333
2013-07-08,654431,81
2013-07-08,570270,571
2013-07-08,901163,162
2013-07-08,414531,324
2013-07-08,402790,243
2013-07-08,211199,81
2013-07-08,211199,571
2013-07-09,698195,1429
2013-07-09,183356,324
2013-07-09,804005,762
2013-07-09,373075,333
2013-07-09,373075,162
2013-07-09,692383,81
2013-07-09,18886,762
2013-07-09,636493,81
2013-07-09,5989,81
2013-07-09,5989,1429
2013-07-09,989282,162
2013-07-09,285333,162
2013-07-09,326860,162
2013-07-10,698195,571
2013-07-10,18886,762
2013-07-10,596056,81
2013-07-10,570270,571
2013-07-10,779763,81
2013-07-10,128229,243
2013-07-10,549194,324
2013-07-10,538108,324
2013-07-10,538108,762
2013-07-11,183356,762
2013-07-11,183356,7776
2013-07-11,183356,1142
2013-07-11,804005,1524
2013-07-11,473727,1458
2013-07-11,276572,81
2013-07-11,414531,162
2013-07-11,604555,162
2013-07-11,646166,81
2013-07-11,989282,81
2013-07-11,549194,162
2013-07-12,183356,162
2013-07-12,183356,571
2013-07-12,183356,81
2013-07-12,804005,762
2013-07-12,692383,162
2013-07-12,18886,1333
2013-07-12,335976,81
2013-07-12,372321,81
2013-07-12,372321,81
2013-07-12,357290,81
2013-07-12,646166,81
2013-07-12,734110,762
2013-07-12,734110,571
2013-07-12,638631,81
2013-07-12,638631,162
2013-07-13,698195,1142
2013-07-13,804005,762
2013-07-13,692383,162
2013-07-13,781386,571
2013-07-13,781386,571
2013-07-13,713557,162
2013-07-13,347231,162
2013-07-13,347231,81
2013-07-13,288034,571
2013-07-13,288034,81
2013-07-13,734110,571
2013-07-13,734110,571
2013-07-13,5989,571
2013-07-13,5989,1333
2013-07-13,323087,81
2013-07-13,128229,243
2013-07-13,549194,162
2013-07-13,26623,162
2013-07-14,698195,1333
2013-07-14,509871,81
2013-07-14,509871,162
2013-07-14,509871,81
2013-07-14,804005,1333
2013-07-14,373075,81
2013-07-14,748904,81
2013-07-14,748904,243
2013-07-14,692383,81
2013-07-14,18886,324
2013-07-14,18886,162
2013-07-14,18886,571
2013-07-14,596056,81
2013-07-14,873227,81
2013-07-14,601302,324
2013-07-14,854994,162
2013-07-14,472956,324
2013-07-14,472956,162
2013-07-14,472956,486
2013-07-14,926321,81
2013-07-14,926321,571
2013-07-14,926321,405
2013-07-14,404727,162
2013-07-14,323087,81
2013-07-14,323087,81
2013-07-14,128229,162
2013-07-14,128229,162
2013-07-14,376279,571
2013-07-14,918669,81
2013-07-14,918669,162
2013-07-14,918669,162
2013-07-14,575293,762
2013-07-14,538108,162
2013-07-15,776853,1429
2013-07-15,698195,1429
2013-07-15,656812,162
2013-07-15,804005,762
2013-07-15,450303,762
2013-07-15,570270,1333
2013-07-15,625542,81
2013-07-15,625542,571
2013-07-15,128229,333
2013-07-15,285333,81
2013-07-16,183356,333
2013-07-16,128003,81
2013-07-16,748904,81
2013-07-16,213086,1333
2013-07-16,213086,81
2013-07-16,692383,333
2013-07-16,18886,1429
2013-07-16,144019,162
2013-07-16,814817,1429
2013-07-16,276572,81
2013-07-16,350641,2571
2013-07-16,926321,81
2013-07-16,625542,81
2013-07-16,989282,81
2013-07-16,323087,81
2013-07-16,575293,762
2013-07-17,804005,762
2013-07-17,218451,81
2013-07-17,734110,1333
2013-07-17,5989,162
2013-07-17,28254,81
2013-07-17,402790,162
2013-07-17,535124,81
2013-07-17,989282,81
2013-07-18,776853,162
2013-07-18,776853,1333
2013-07-18,698195,1333
2013-07-18,698195,1333
2013-07-18,804005,1333
2013-07-18,692383,81
2013-07-18,99774,81
2013-07-18,601441,81
2013-07-18,535124,81
2013-07-18,720183,243
2013-07-18,720183,162
2013-07-18,402866,162
2013-07-18,285333,81
2013-07-18,211199,81
2013-07-19,776853,162
2013-07-19,776853,81
2013-07-19,343705,81
2013-07-19,139318,81
2013-07-19,698195,81
2013-07-19,183356,1333
2013-07-19,183356,571
2013-07-19,183356,810
2013-07-19,183356,162
2013-07-19,804005,1333
2013-07-19,804005,324
2013-07-19,128003,571
2013-07-19,748904,571
2013-07-19,748904,81
2013-07-19,213086,81
2013-07-19,5332,1333
2013-07-19,5332,1333
2013-07-19,473727,81
2013-07-19,692383,162
2013-07-19,692383,81
2013-07-19,596056,81
2013-07-19,814817,648
2013-07-19,814817,2571
2013-07-19,814817,571
2013-07-19,814817,1333
2013-07-19,921809,81
2013-07-19,921809,571
2013-07-19,276572,81
2013-07-19,570270,81
2013-07-19,570270,571
2013-07-19,350641,81
2013-07-19,794654,81
2013-07-19,323399,571
2013-07-19,604555,571
2013-07-19,901481,81
2013-07-19,431549,81
2013-07-19,288034,162
2013-07-19,918864,81
2013-07-19,535124,81
2013-07-19,720183,81
2013-07-19,411347,81
2013-07-19,402866,81
2013-07-19,950611,762
2013-07-19,950611,162
2013-07-19,346119,81
2013-07-19,499459,81
2013-07-19,211199,81
2013-07-19,918669,162
2013-07-19,918669,81
2013-07-19,538108,162
2013-07-20,776853,162
2013-07-20,397698,81
2013-07-20,183356,1458
2013-07-20,183356,81
2013-07-20,184158,81
2013-07-20,692383,324
2013-07-20,108347,81
2013-07-20,921809,162
2013-07-20,603365,81
2013-07-20,429098,162
2013-07-20,196570,81
2013-07-20,822191,81
2013-07-20,901481,81
2013-07-20,384931,81
2013-07-20,734110,81
2013-07-20,600591,81
2013-07-20,600591,162
2013-07-20,600591,243
2013-07-20,600591,162
2013-07-20,829881,81
2013-07-20,829881,81
2013-07-20,99774,81
2013-07-20,859668,571
2013-07-20,859668,162
2013-07-20,404727,162
2013-07-20,720183,81
2013-07-20,950611,324
2013-07-20,844352,81
2013-07-20,918669,162
2013-07-21,776853,324
2013-07-21,776853,571
2013-07-21,698195,1333
2013-07-21,183356,810
2013-07-21,183356,571
2013-07-21,804005,1333
2013-07-21,804005,162
2013-07-21,518124,1142
2013-07-21,518124,1333
2013-07-21,518124,81
2013-07-21,748904,81
2013-07-21,692383,81
2013-07-21,347231,324
2013-07-21,429098,162
2013-07-21,429098,81
2013-07-21,218451,81
2013-07-21,822191,1333
2013-07-21,822191,162
2013-07-21,288034,81
2013-07-21,288034,81
2013-07-21,600591,162
2013-07-21,99774,81
2013-07-21,336139,162
2013-07-21,981360,571
2013-07-21,981360,1333
2013-07-21,499459,162
2013-07-21,918669,81
2013-07-21,918669,162
2013-07-21,638631,762
2013-07-21,638631,162
2013-07-22,397698,571
2013-07-22,397698,333
2013-07-22,818870,81
2013-07-22,698195,1429
2013-07-22,183356,810
2013-07-22,804005,571
2013-07-22,692383,333
2013-07-22,18886,762
2013-07-22,121544,324
2013-07-22,323399,333
2013-07-22,854994,162
2013-07-22,734110,1333
2013-07-22,600591,333
2013-07-22,336139,81
2013-07-22,720183,81
2013-07-22,981360,571
2013-07-22,638631,762
2013-07-23,776853,1429
2013-07-23,804005,571
2013-07-23,804005,1333
2013-07-23,921809,162
2013-07-23,930636,571
2013-07-23,930636,2858
2013-07-23,49270,333
2013-07-23,720183,81
2013-07-23,720183,243
2013-07-23,981360,162
2013-07-23,285333,81
2013-07-23,800232,81
2013-07-23,638631,571
2013-07-24,436316,571
2013-07-24,748904,81
2013-07-24,692383,81
2013-07-24,104243,81
2013-07-24,370927,762
2013-07-24,336139,81
2013-07-24,720183,162
2013-07-24,720183,571
2013-07-24,720183,571
2013-07-24,285333,81
2013-07-24,211199,571
2013-07-25,748904,81
2013-07-25,748904,571
2013-07-25,5332,762
2013-07-25,692383,81
2013-07-25,104243,81
2013-07-25,383348,81
2013-07-25,854994,162
2013-07-25,288034,571
2013-07-25,288034,162
2013-07-25,99774,81
2013-07-25,336139,81
2013-07-25,720183,571
2013-07-25,981360,324
2013-07-25,402866,81
2013-07-25,638631,324
2013-07-25,26623,81
2013-07-26,776853,81
2013-07-26,776853,81
2013-07-26,776120,81
2013-07-26,343705,81
2013-07-26,698195,81
2013-07-26,698195,243
2013-07-26,509871,81
2013-07-26,804005,243
2013-07-26,748904,81
2013-07-26,213086,81
2013-07-26,5332,81
2013-07-26,473727,243
2013-07-26,473727,81
2013-07-26,692383,81
2013-07-26,692383,81
2013-07-26,18886,405
2013-07-26,484271,571
2013-07-26,596056,81
2013-07-26,814817,1215
2013-07-26,932452,81
2013-07-26,660000,81
2013-07-26,603365,81
2013-07-26,350641,81
2013-07-26,350641,81
2013-07-26,628519,81
2013-07-26,794654,81
2013-07-26,854994,81
2013-07-26,431549,81
2013-07-26,288034,162
2013-07-26,288034,81
2013-07-26,288034,571
2013-07-26,204238,81
2013-07-26,5989,81
2013-07-26,336139,81
2013-07-26,336139,81
2013-07-26,336139,81
2013-07-26,720183,324
2013-07-26,259233,162
2013-07-26,981360,81
2013-07-26,411347,81
2013-07-26,285333,81
2013-07-26,811863,81
2013-07-26,811863,162
2013-07-26,918669,162
2013-07-27,776853,162
2013-07-27,776853,1333
2013-07-27,224645,81
2013-07-27,343705,81
2013-07-27,698195,1333
2013-07-27,698195,1333
2013-07-27,698195,324
2013-07-27,698195,571
2013-07-27,183356,81
2013-07-27,164018,81
2013-07-27,164018,571
2013-07-27,164018,81
2013-07-27,164018,81
2013-07-27,321574,81
2013-07-27,128003,81
2013-07-27,184158,81
2013-07-27,748904,81
2013-07-27,407267,81
2013-07-27,110028,81
2013-07-27,377104,81
2013-07-27,601302,81
2013-07-27,429098,81
2013-07-27,196570,81
2013-07-27,414531,81
2013-07-27,829650,81
2013-07-27,617295,81
2013-07-27,714368,81
2013-07-27,822191,81
2013-07-27,234564,81
2013-07-27,574596,81
2013-07-27,821339,567
2013-07-27,622770,243
2013-07-27,860154,81
2013-07-27,146069,81
2013-07-27,49270,81
2013-07-27,646166,81
2013-07-27,19115,571
2013-07-27,288034,81
2013-07-27,734110,81
2013-07-27,734110,1333
2013-07-27,734110,1333
2013-07-27,600591,81
2013-07-27,600591,1333
2013-07-27,600591,81
2013-07-27,600591,81
2013-07-27,60643,81
2013-07-27,259233,81
2013-07-27,211199,81
2013-07-27,211199,81
2013-07-27,356155,81
2013-07-27,638631,162
2013-07-27,638631,243
2013-07-27,546748,81
2013-07-28,776853,162
2013-07-28,818870,162
2013-07-28,698195,324
2013-07-28,184158,81
2013-07-28,32081,81
2013-07-28,748904,81
2013-07-28,748904,162
2013-07-28,484271,571
2013-07-28,484271,571
2013-07-28,477047,81
2013-07-28,921809,81
2013-07-28,276572,81
2013-07-28,570270,81
2013-07-28,628519,81
2013-07-28,821339,81
2013-07-28,49270,571
2013-07-28,600591,571
2013-07-28,600591,324
2013-07-28,600591,162
2013-07-28,665451,81
2013-07-28,178215,81
2013-07-28,178215,81
2013-07-28,625542,81
2013-07-28,336139,81
2013-07-28,989282,81
2013-07-28,211199,162
2013-07-28,966836,243
2013-07-28,918669,405
2013-07-28,638631,571
2013-07-28,638631,81
2013-07-28,638631,810
2013-07-28,546748,81
2013-07-29,776853,1333
2013-07-29,698195,1429
2013-07-29,183356,571
2013-07-29,183356,648
2013-07-29,183356,1429
2013-07-29,804005,1429
2013-07-29,34792,243
2013-07-29,748904,81
2013-07-29,981274,81
2013-07-29,473727,1429
2013-07-29,692383,81
2013-07-29,484271,571
2013-07-29,484271,1429
2013-07-29,429098,333
2013-07-29,429098,162
2013-07-29,826002,81
2013-07-29,288034,243
2013-07-29,288034,333
2013-07-29,336139,81
2013-07-29,720183,81
2013-07-29,638631,571
2013-07-30,748904,666
2013-07-30,981274,81
2013-07-30,407267,1429
2013-07-30,692383,333
2013-07-30,18886,571
2013-07-30,484271,2571
2013-07-30,288034,333
2013-07-30,600591,1429
2013-07-30,572935,571
2013-07-30,336139,333
2013-07-30,720183,571
2013-07-30,720183,1333
2013-07-30,800232,162
2013-07-30,26623,81
2013-07-31,410891,81
2013-07-31,34792,81
2013-07-31,5332,1333
2013-07-31,5332,1333
2013-07-31,692753,81
2013-07-31,26685,81
2013-07-31,546801,571
2013-07-31,546801,81
2013-07-31,826697,648
2013-07-31,989282,81
2013-07-31,989282,81
2013-07-31,800232,81
2013-08-01,776853,2571
2013-08-01,219501,162
2013-08-01,219501,81
2013-08-01,748904,162
2013-08-01,18886,1333
2013-08-01,921809,1333
2013-08-01,45886,81
2013-08-01,826002,162
2013-08-01,185055,81
2013-08-01,288034,571
2013-08-01,288034,162
2013-08-01,989282,324
2013-08-01,26623,162
2013-08-02,32081,162
2013-08-02,748904,81
2013-08-02,185055,81
2013-08-02,288034,571
2013-08-02,288034,162
2013-08-02,734110,1333
2013-08-02,734110,1333
2013-08-02,204238,162
2013-08-02,826697,162
2013-08-02,625542,81
2013-08-02,399820,81
2013-08-02,26623,81
2013-08-03,397698,571
2013-08-03,804005,1333
2013-08-03,748904,162
2013-08-03,484271,1333
2013-08-03,377104,162
2013-08-03,472956,324
2013-08-03,472956,162
2013-08-03,99774,81
2013-08-03,208501,762
2013-08-03,800232,81
2013-08-03,26623,243
2013-08-04,698195,1333
2013-08-04,698195,1333
2013-08-04,183356,1333
2013-08-04,183356,81
2013-08-04,183356,571
2013-08-04,183356,571
2013-08-04,804005,571
2013-08-04,804005,571
2013-08-04,804005,162
2013-08-04,278989,81
2013-08-04,5332,1333
2013-08-04,5332,1333
2013-08-04,484271,571
2013-08-04,921809,81
2013-08-04,921809,486
2013-08-04,769174,81
2013-08-04,840860,81
2013-08-04,110120,162
2013-08-04,288034,162
2013-08-04,734110,1333
2013-08-04,25753,405
2013-08-04,208501,762
2013-08-04,826697,81
2013-08-04,826697,81
2013-08-04,989282,162
2013-08-04,981360,1142
2013-08-04,800232,81
2013-08-04,11595,81
2013-08-04,26623,162
2013-08-05,698195,1429
2013-08-05,698195,324
2013-08-05,183356,972
2013-08-05,499054,81
2013-08-05,692383,81
2013-08-05,484271,1429
2013-08-05,678969,81
2013-08-05,734110,571
2013-08-05,959923,81
2013-08-05,336139,333
2013-08-05,989282,81
2013-08-05,981360,571
2013-08-05,206097,2571
2013-08-05,575293,81
2013-08-05,638631,81
2013-08-06,776853,2571
2013-08-06,804005,1333
2013-08-06,821067,81
2013-08-06,32081,162
2013-08-06,692383,81
2013-08-06,18886,1429
2013-08-06,829650,333
2013-08-06,611293,81
2013-08-06,734110,1333
2013-08-06,734110,1429
2013-08-06,734110,571
2013-08-06,402790,243
2013-08-06,625542,571
2013-08-06,625542,333
2013-08-06,625542,81
2013-08-06,336139,162
2013-08-06,336139,81
2013-08-06,989282,81
2013-08-06,402866,81
2013-08-07,776853,1333
2013-08-07,350641,162
2013-08-07,208501,162
2013-08-07,402790,243
2013-08-08,804005,1333
2013-08-08,213086,0
2013-08-08,350641,2571
2013-08-08,826002,162
2013-08-08,472956,571
2013-08-08,327501,162
2013-08-08,288034,324
2013-08-08,734110,2666
2013-08-08,734110,1333
2013-08-08,734110,571
2013-08-08,734110,324
2013-08-08,402790,162
2013-08-08,402790,81
2013-08-08,535124,243
2013-08-08,11595,81
2013-08-09,278989,81
2013-08-09,484271,1333
2013-08-09,484271,2571
2013-08-09,484271,81
2013-08-09,829650,81
2013-08-09,288034,81
2013-08-09,734110,1333
2013-08-09,734110,571
2013-08-09,734110,1333
2013-08-09,600591,571
2013-08-09,600591,162
2013-08-09,529943,243
2013-08-09,402790,81
2013-08-09,402790,81
2013-08-09,696594,243
2013-08-09,625542,571
2013-08-09,625542,81
2013-08-09,625542,81
2013-08-09,989282,81
2013-08-09,188112,2571
2013-08-10,698195,1333
2013-08-10,698195,1333
2013-08-10,18886,1333
2013-08-10,431549,1333
2013-08-10,288034,571
2013-08-10,288034,162
2013-08-10,288034,162
2013-08-10,529943,81
2013-08-10,696594,81
2013-08-10,981360,571
2013-08-10,811863,162
2013-08-10,344580,81
2013-08-10,344580,324
2013-08-10,834421,81
2013-08-11,343705,81
2013-08-11,183356,1333
2013-08-11,183356,1333
2013-08-11,278989,243
2013-08-11,692383,81
2013-08-11,397729,81
2013-08-11,472956,81
2013-08-11,734110,1333
2013-08-11,208501,81
2013-08-11,826697,162
2013-08-11,826697,81
2013-08-11,826697,162
2013-08-11,989282,81
2013-08-11,800232,162
2013-08-11,11595,81
2013-08-12,219501,162
2013-08-12,698195,1429
2013-08-12,804005,571
2013-08-12,518124,1429
2013-08-12,484271,1429
2013-08-12,570270,162
2013-08-12,901163,571
2013-08-12,950445,1524
2013-08-12,394937,81
2013-08-12,844091,162
2013-08-13,776853,2571
2013-08-13,183356,1429
2013-08-13,183356,571
2013-08-13,183356,162
2013-08-13,183356,81
2013-08-13,804005,1333
2013-08-13,748904,333
2013-08-13,692383,81
2013-08-13,18886,1333
2013-08-13,484271,2571
2013-08-13,85986,571
2013-08-13,468439,81
2013-08-13,611293,162
2013-08-13,370927,762
2013-08-13,734110,1333
2013-08-13,734110,571
2013-08-13,734110,1333
2013-08-13,127644,333
2013-08-13,127644,162
2013-08-13,989282,81
2013-08-13,259233,81
2013-08-13,638631,81
2013-08-14,150076,81
2013-08-14,484271,324
2013-08-14,936368,81
2013-08-14,950445,762
2013-08-14,370927,762
2013-08-14,734110,571
2013-08-14,734110,2571
2013-08-14,600591,162
2013-08-14,17920,571
2013-08-14,283417,81
2013-08-14,283417,81
2013-08-15,698195,1333
2013-08-15,748904,81
2013-08-15,5332,1333
2013-08-15,150076,162
2013-08-15,156429,81
2013-08-15,936368,162
2013-08-15,936368,571
2013-08-15,936368,324
2013-08-15,936368,1333
2013-08-15,936368,81
2013-08-15,349510,81
2013-08-15,994056,81
2013-08-15,526252,162
2013-08-15,734110,1333
2013-08-15,600591,571
2013-08-15,625542,81
2013-08-15,259233,162
2013-08-16,776853,1333
2013-08-16,776853,81
2013-08-16,224645,81
2013-08-16,698195,1429
2013-08-16,698195,81
2013-08-16,183356,571
2013-08-16,183356,1333
2013-08-16,183356,81
2013-08-16,183356,1429
2013-08-16,183356,1944
2013-08-16,518124,81
2013-08-16,748904,162
2013-08-16,748904,81
2013-08-16,150076,81
2013-08-16,150076,81
2013-08-16,473727,1429
2013-08-16,473727,81
2013-08-16,692383,81
2013-08-16,484271,1429
2013-08-16,484271,648
2013-08-16,484271,81
2013-08-16,936368,81
2013-08-16,936368,162
2013-08-16,819151,81
2013-08-16,819151,81
2013-08-16,196570,81
2013-08-16,570270,162
2013-08-16,570270,81
2013-08-16,901163,81
2013-08-16,901163,81
2013-08-16,994056,81
2013-08-16,234564,81
2013-08-16,832777,81
2013-08-16,804897,81
2013-08-16,526252,81
2013-08-16,526252,486
2013-08-16,600591,1333
2013-08-16,600591,81
2013-08-16,905541,571
2013-08-16,5989,81
2013-08-16,826697,81
2013-08-16,625542,81
2013-08-16,625542,81
2013-08-16,399820,81
2013-08-16,17920,81
2013-08-16,17920,571
2013-08-16,11595,81
2013-08-16,11595,162
2013-08-16,11595,243
2013-08-16,26623,81
2013-08-17,219501,405
2013-08-17,518124,81
2013-08-17,184158,81
2013-08-17,184158,1429
2013-08-17,156429,81
2013-08-17,596056,81
2013-08-17,932452,1333
2013-08-17,932452,1333
2013-08-17,603365,162
2013-08-17,963734,81
2013-08-17,963734,81
2013-08-17,846205,81
2013-08-17,196570,1333
2013-08-17,611293,162
2013-08-17,120216,81
2013-08-17,120216,81
2013-08-17,526252,81
2013-08-17,288034,81
2013-08-17,288034,162
2013-08-17,600591,1429
2013-08-17,905541,81
2013-08-17,259233,81
2013-08-17,259233,81
2013-08-17,920267,81
2013-08-17,503790,81
2013-08-18,776853,571
2013-08-18,219501,81
2013-08-18,698195,162
2013-08-18,698195,81
2013-08-18,804005,1333
2013-08-18,518124,571
2013-08-18,518124,1142
2013-08-18,518124,81
2013-08-18,768586,571
2013-08-18,768586,81
2013-08-18,768586,324
2013-08-18,692383,162
2013-08-18,18886,1333
2013-08-18,18886,571
2013-08-18,18886,571
2013-08-18,18886,162
2013-08-18,484271,324
2013-08-18,555842,162
2013-08-18,529714,162
2013-08-18,917350,81
2013-08-18,804897,162
2013-08-18,120216,1333
2013-08-18,49270,486
2013-08-18,49270,324
2013-08-18,49270,486
2013-08-18,526252,571
2013-08-18,526252,324
2013-08-18,288034,162
2013-08-18,968360,243
2013-08-18,259233,81
2013-08-18,26623,81
2013-08-19,219501,81
2013-08-19,397698,571
2013-08-19,748904,333
2013-08-19,156429,81
2013-08-19,18886,333
2013-08-19,18886,1429
2013-08-19,484271,1429
2013-08-19,555842,571
2013-08-19,555842,162
2013-08-19,555842,81
2013-08-19,611242,81
2013-08-19,288034,81
2013-08-19,288034,81
2013-08-20,776853,2571
2013-08-20,497680,81
2013-08-20,219501,81
2013-08-20,768586,81
2013-08-20,692383,333
2013-08-20,570270,162
2013-08-20,570270,1429
2013-08-20,829650,333
2013-08-20,844732,81
2013-08-20,470911,81
2013-08-20,611242,81
2013-08-20,611242,571
2013-08-20,611242,666
2013-08-20,611242,162
2013-08-20,259233,81
2013-08-20,17920,333
2013-08-20,26623,81
2013-08-21,748904,81
2013-08-21,49270,162
2013-08-21,288034,162
2013-08-21,288034,81
2013-08-21,288034,571
2013-08-21,625542,81
2013-08-21,625542,81
2013-08-21,228611,81
2013-08-21,26623,81
2013-08-22,804005,162
2013-08-22,34792,486
2013-08-22,555842,81
2013-08-22,349510,81
2013-08-22,130378,81
2013-08-22,701638,81
2013-08-22,411347,1333
2013-08-22,378422,81
2013-08-22,11595,571
2013-08-22,26623,81
2013-08-23,989896,162
2013-08-23,397698,81
2013-08-23,397698,81
2013-08-23,804005,81
2013-08-23,804005,1333
2013-08-23,804005,571
2013-08-23,34792,571
2013-08-23,758396,81
2013-08-23,758396,81
2013-08-23,555842,81
2013-08-23,819151,162
2013-08-23,611242,162
2013-08-23,472956,571
2013-08-23,472956,1333
2013-08-23,649489,162
2013-08-23,649489,81
2013-08-23,378422,81
2013-08-23,344580,81
2013-08-23,11595,162
2013-08-23,11595,81
2013-08-23,11595,571
2013-08-23,423861,1333
2013-08-23,26623,162
2013-08-24,776853,324
2013-08-24,989896,81
2013-08-24,397698,324
2013-08-24,397698,162
2013-08-24,397698,324
2013-08-24,397698,571
2013-08-24,698195,1333
2013-08-24,748904,162
2013-08-24,768586,81
2013-08-24,768586,571
2013-08-24,936368,81
2013-08-24,936368,571
2013-08-24,711765,81
2013-08-24,711765,571
2013-08-24,711765,1142
2013-08-24,819151,571
2013-08-24,819151,81
2013-08-24,769174,162
2013-08-24,901163,81
2013-08-24,389492,81
2013-08-24,361115,567
2013-08-24,361115,162
2013-08-24,361115,162
2013-08-24,394937,81
2013-08-24,288034,162
2013-08-24,696594,81
2013-08-24,989282,162
2013-08-24,981360,1333
2013-08-24,959517,162
2013-08-25,776853,162
2013-08-25,343705,81
2013-08-25,397698,571
2013-08-25,397698,162
2013-08-25,397698,324
2013-08-25,397698,162
2013-08-25,436316,571
2013-08-25,518124,571
2013-08-25,518124,1333
2013-08-25,748904,162
2013-08-25,565955,162
2013-08-25,768586,162
2013-08-25,768586,1333
2013-08-25,768586,324
2013-08-25,768586,571
2013-08-25,768586,1333
2013-08-25,768586,81
2013-08-25,18886,571
2013-08-25,18886,1142
2013-08-25,18886,81
2013-08-25,711765,1333
2013-08-25,711765,243
2013-08-25,711765,81
2013-08-25,711765,162
2013-08-25,711765,1142
2013-08-25,711765,1333
2013-08-25,711765,1142
2013-08-25,389492,81
2013-08-25,394937,81
2013-08-25,574199,162
2013-08-25,120216,571
2013-08-25,120216,162
2013-08-25,120216,1333
2013-08-25,120216,2571
2013-08-25,49270,162
2013-08-25,921347,81
2013-08-25,921347,162
2013-08-25,921347,81
2013-08-25,99774,571
2013-08-25,99774,81
2013-08-25,978799,729
2013-08-25,981360,1333
2013-08-25,800232,81
2013-08-25,378422,2571
2013-08-25,378422,486
2013-08-25,378422,1333
2013-08-25,959517,162
2013-08-25,11595,81
2013-08-25,966836,81
2013-08-25,423861,1333
2013-08-25,855552,243
2013-08-25,855552,81
2013-08-26,397698,1429
2013-08-26,397698,571
2013-08-26,698195,1429
2013-08-26,821067,81
2013-08-26,278989,571
2013-08-26,278989,162
2013-08-26,748904,333
2013-08-26,484271,1429
2013-08-26,655642,81
2013-08-26,711765,1429
2013-08-26,288034,333
2013-08-26,826697,162
2013-08-26,423861,1429
2013-08-27,776853,2571
2013-08-27,219501,333
2013-08-27,219501,162
2013-08-27,804005,1333
2013-08-27,34792,571
2013-08-27,518124,1429
2013-08-27,278989,571
2013-08-27,278989,81
2013-08-27,184158,1429
2013-08-27,473727,2571
2013-08-27,484271,2571
2013-08-27,921809,162
2013-08-27,711765,162
2013-08-27,711765,1429
2013-08-27,196570,1333
2013-08-27,570270,2858
2013-08-27,570270,2571
2013-08-27,120216,2571
2013-08-27,826697,162
2013-08-27,826697,1665
2013-08-27,826697,324
2013-08-27,826697,162
2013-08-27,989282,162
2013-08-27,989282,81
2013-08-27,259233,81
2013-08-27,259233,333
2013-08-27,733887,571
2013-08-27,733887,333
2013-08-27,733887,81
2013-08-27,206097,2571
2013-08-27,11595,333
2013-08-27,11595,81
2013-08-27,26623,81
2013-08-28,776853,81
2013-08-28,776120,81
2013-08-28,219501,571
2013-08-28,219501,324
2013-08-28,219501,81
2013-08-28,219501,1142
2013-08-28,698195,81
2013-08-28,183356,405
2013-08-28,804005,81
2013-08-28,518124,405
2013-08-28,321574,81
2013-08-28,473727,81
2013-08-28,692383,81
2013-08-28,692383,81
2013-08-28,18886,567
2013-08-28,596056,81
2013-08-28,921809,243
2013-08-28,758396,81
2013-08-28,846205,81
2013-08-28,196570,81
2013-08-28,600591,81
2013-08-28,5989,729
2013-08-28,826697,324
2013-08-28,826697,405
2013-08-28,119720,162
2013-08-28,119720,81
2013-08-28,733887,571
2013-08-28,811863,81
2013-08-28,33718,81
2013-08-28,211199,81
2013-08-28,11595,162
2013-08-28,11595,1333
2013-08-29,106832,567
2013-08-29,106832,162
2013-08-29,804005,571
2013-08-29,34792,405
2013-08-29,748904,81
2013-08-29,748904,81
2013-08-29,484271,81
2013-08-29,819151,81
2013-08-29,275677,162
2013-08-29,275677,243
2013-08-29,275677,571
2013-08-29,275677,81
2013-08-29,859668,81
2013-08-29,826697,571
2013-08-29,826697,324
2013-08-29,625542,81
2013-08-29,259233,162
2013-08-29,733887,162
2013-08-29,378422,243
2013-08-29,249327,81
2013-08-29,11595,162
2013-08-30,776853,1333
2013-08-30,106832,571
2013-08-30,106832,571
2013-08-30,106832,324
2013-08-30,106832,81
2013-08-30,106832,243
2013-08-30,106832,1333
2013-08-30,343705,81
2013-08-30,219501,571
2013-08-30,278989,324
2013-08-30,278989,571
2013-08-30,278989,243
2013-08-30,278989,243
2013-08-30,484271,1333
2013-08-30,484271,648
2013-08-30,711765,1333
2013-08-30,711765,571
2013-08-30,819151,324
2013-08-30,172189,81
2013-08-30,644914,81
2013-08-30,644914,81
2013-08-30,829650,81
2013-08-30,143553,571
2013-08-30,986582,81
2013-08-30,649489,81
2013-08-30,649489,243
2013-08-30,826697,486
2013-08-30,826697,81
2013-08-30,625542,162
2013-08-30,625542,162
2013-08-30,535124,81
2013-08-30,535124,81
2013-08-30,989282,81
2013-08-30,981360,243
2013-08-30,249327,162
2013-08-31,776853,2571
2013-08-31,776853,571
2013-08-31,106832,405
2013-08-31,106832,162
2013-08-31,106832,81
2013-08-31,106832,1333
2013-08-31,343705,81
2013-08-31,219501,1333
2013-08-31,219501,2571
2013-08-31,698195,1333
2013-08-31,698195,1333
2013-08-31,184158,571
2013-08-31,184158,2571
2013-08-31,748904,81
2013-08-31,768586,162
2013-08-31,477047,162
2013-08-31,196570,162
2013-08-31,570270,571
2013-08-31,570270,571
2013-08-31,644914,81
2013-08-31,822191,81
2013-08-31,11128,567
2013-08-31,11128,243
2013-08-31,2478,81
2013-08-31,120216,1333
2013-08-31,49270,162
2013-08-31,649489,81
2013-08-31,826697,648
2013-08-31,826697,486
2013-08-31,826697,243
2013-08-31,826697,571
2013-08-31,647835,81
2013-08-31,259233,571
2013-08-31,981360,2571
2013-08-31,981360,571
2013-08-31,981360,1333
2013-08-31,11595,162
2013-08-31,966836,81
2013-08-31,341839,243
2013-08-31,26623,81
2013-09-01,776120,162
2013-09-01,106832,162
2013-09-01,106832,571
2013-09-01,698195,571
2013-09-01,698195,1333
2013-09-01,804005,1333
2013-09-01,321574,571
2013-09-01,321574,162
2013-09-01,278989,972
2013-09-01,278989,729
2013-09-01,278989,1142
2013-09-01,278989,1333
2013-09-01,748904,81
2013-09-01,748904,81
2013-09-01,768586,2571
2013-09-01,768586,81
2013-09-01,692383,243
2013-09-01,263961,81
2013-09-01,263961,81
2013-09-01,555842,162
2013-09-01,711765,162
2013-09-01,711765,1142
2013-09-01,570270,81
2013-09-01,867201,81
2013-09-01,275677,486
2013-09-01,11128,81
2013-09-01,938686,162
2013-09-01,649489,162
2013-09-01,826697,1296
2013-09-01,826697,648
2013-09-01,826697,1134
2013-09-01,826697,81
2013-09-01,259233,571
2013-09-01,544198,162
2013-09-01,11595,648
2013-09-01,26623,162
2013-09-02,219501,81
2013-09-02,219501,1429
2013-09-02,698195,1429
2013-09-02,748904,333
2013-09-02,484271,2571
2013-09-02,484271,1333
2013-09-02,484271,1429
2013-09-02,263961,81
2013-09-02,603365,81
2013-09-02,711765,1429
2013-09-02,971948,162
2013-09-02,794654,81
2013-09-02,270925,333
2013-09-02,275677,648
2013-09-02,275677,486
2013-09-02,898846,243
2013-09-02,11128,486
2013-09-02,11128,324
2013-09-02,11128,333
2013-09-02,649489,81
2013-09-02,649489,81
2013-09-02,678417,81
2013-09-02,678417,333
2013-09-02,259233,81
2013-09-02,26623,81
2013-09-03,106832,571
2013-09-03,219501,1333
2013-09-03,219501,571
2013-09-03,34792,1429
2013-09-03,484271,810
2013-09-03,711765,571
2013-09-03,711765,243
2013-09-03,819151,1333
2013-09-03,570270,1429
2013-09-03,11128,333
2013-09-03,11128,81
2013-09-03,938686,1333
2013-09-03,826697,162
2013-09-03,625542,333
2013-09-03,678417,571
2013-09-03,259233,333
2013-09-03,966836,81
2013-09-03,966836,1429
2013-09-04,748904,81
2013-09-04,898846,162
2013-09-04,11128,648
2013-09-04,11128,324
2013-09-04,11128,324
2013-09-04,53312,81
2013-09-04,989282,81
2013-09-04,259233,81
2013-09-04,26623,81
2013-09-05,219501,1333
2013-09-05,219501,2571
2013-09-05,219501,571
2013-09-05,219501,1333
2013-09-05,804005,1333
2013-09-05,748904,81
2013-09-05,829650,162
2013-09-05,480331,81
2013-09-05,275677,81
2013-09-05,11128,81
2013-09-05,11128,162
2013-09-05,11128,162
2013-09-05,912996,571
2013-09-05,912996,571
2013-09-05,99774,571
2013-09-05,99774,571
2013-09-05,678417,571
2013-09-06,776853,81
2013-09-06,776853,1429
2013-09-06,106832,81
2013-09-06,343705,81
2013-09-06,219501,1333
2013-09-06,219501,571
2013-09-06,698195,81
2013-09-06,8105,81
2013-09-06,748904,81
2013-09-06,473727,81
2013-09-06,692383,81
2013-09-06,484271,1429
2013-09-06,484271,81
2013-09-06,555842,81
2013-09-06,819151,81
2013-09-06,196570,81
2013-09-06,570270,81
2013-09-06,138461,81
2013-09-06,794654,81
2013-09-06,529714,81
2013-09-06,867371,81
2013-09-06,574199,81
2013-09-06,574199,81
2013-09-06,11128,162
2013-09-06,11128,1429
2013-09-06,120216,81
2013-09-06,143553,81
2013-09-06,472956,1429
2013-09-06,649489,81
2013-09-06,600591,1429
2013-09-06,600591,81
2013-09-06,5989,81
2013-09-06,259233,81
2013-09-06,981360,2571
2013-09-06,211199,81
2013-09-06,11595,162
2013-09-07,224645,81
2013-09-07,509871,81
2013-09-07,696807,324
2013-09-07,696807,571
2013-09-07,804005,1333
2013-09-07,768586,972
2013-09-07,936368,324
2013-09-07,787742,81
2013-09-07,644914,81
2013-09-07,829650,81
2013-09-07,234564,81
2013-09-07,49270,81
2013-09-07,49270,162
2013-09-07,130378,81
2013-09-07,130378,81
2013-09-07,758971,81
2013-09-07,259233,571
2013-09-07,259233,81
2013-09-07,33718,81
2013-09-07,337754,81
2013-09-08,106832,571
2013-09-08,106832,571
2013-09-08,696807,81
2013-09-08,674680,162
2013-09-08,430129,162
2013-09-08,263146,81
2013-09-08,549556,81
2013-09-08,118158,571
2013-09-08,270925,81
2013-09-08,11128,405
2013-09-08,11128,1333
2013-09-08,11128,1142
2013-09-08,11128,81
2013-09-08,11128,162
2013-09-08,11128,571
2013-09-08,625542,571
2013-09-08,128583,81
2013-09-08,259233,571
2013-09-08,259233,81
2013-09-08,487735,162
2013-09-09,776853,2571
2013-09-09,776853,1333
2013-09-09,106832,571
2013-09-09,106832,1429
2013-09-09,106832,81
2013-09-09,106832,1333
2013-09-09,106832,648
2013-09-09,343705,81
2013-09-09,397698,1429
2013-09-09,698195,1429
2013-09-09,804005,1142
2013-09-09,804005,648
2013-09-09,748904,333
2013-09-09,18886,1429
2013-09-09,484271,1429
2013-09-09,85112,162
2013-09-09,769174,1053
2013-09-09,769174,333
2013-09-09,574199,81
2013-09-09,11128,81
2013-09-09,49270,571
2013-09-09,600591,333
2013-09-09,53312,162
2013-09-09,989282,81
2013-09-10,106832,571
2013-09-10,183356,1429
2013-09-10,183356,571
2013-09-10,183356,1944
2013-09-10,696807,571
2013-09-10,696807,333
2013-09-10,184158,333
2013-09-10,184158,2858
2013-09-10,5332,1333
2013-09-10,473727,1429
2013-09-10,473727,2571
2013-09-10,692383,333
2013-09-10,484271,2571
2013-09-10,430129,81
2013-09-10,430129,81
2013-09-10,138461,81
2013-09-10,574199,243
2013-09-10,49270,1429
2013-09-10,649489,162
2013-09-10,600591,1429
2013-09-10,526184,81
2013-09-10,5989,1429
2013-09-10,625542,81
2013-09-10,625542,666
2013-09-10,625542,243
2013-09-10,53312,324
2013-09-10,989282,324
2013-09-10,69430,1333
2013-09-10,259233,333
2013-09-10,337754,81
2013-09-10,966836,1429
2013-09-11,106832,567
2013-09-11,106832,81
2013-09-11,106832,162
2013-09-11,698195,405
2013-09-11,183356,1215
2013-09-11,696807,81
2013-09-11,696807,324
2013-09-11,696807,571
2013-09-11,356232,81
2013-09-11,473727,81
2013-09-11,18886,405
2013-09-11,596056,81
2013-09-11,932452,81
2013-09-11,21223,81
2013-09-11,284507,571
2013-09-11,103581,81
2013-09-11,414531,81
2013-09-11,794654,81
2013-09-11,275677,729
2013-09-11,275677,81
2013-09-11,367093,81
2013-09-11,49270,1215
2013-09-11,600591,81
2013-09-11,130378,81
2013-09-11,5989,1215
2013-09-11,432829,81
2013-09-11,826697,243
2013-09-11,625542,81
2013-09-11,989282,81
2013-09-11,758971,81
2013-09-11,211199,81
2013-09-11,905336,81
2013-09-12,698195,81
2013-09-12,698195,1333
2013-09-12,69575,486
2013-09-12,644534,81
2013-09-12,696807,243
2013-09-12,804005,1333
2013-09-12,748904,243
2013-09-12,921809,243
2013-09-12,313422,81
2013-09-12,430129,81
2013-09-12,275677,81
2013-09-12,898846,405
2013-09-12,11128,162
2013-09-12,526252,162
2013-09-12,526252,571
2013-09-12,600591,162
2013-09-12,130378,81
2013-09-12,758971,81
2013-09-12,701638,81
2013-09-12,119720,81
2013-09-12,259233,571
2013-09-12,411347,1333
2013-09-12,811863,81
2013-09-12,905336,81
2013-09-13,106832,243
2013-09-13,106832,162
2013-09-13,106832,810
2013-09-13,106832,571
2013-09-13,106832,162
2013-09-13,698195,1333
2013-09-13,698195,1333
2013-09-13,69575,162
2013-09-13,696807,1134
2013-09-13,804005,1333
2013-09-13,655642,81
2013-09-13,430129,243
2013-09-13,389492,81
2013-09-13,367093,648
2013-09-13,649489,243
2013-09-13,5989,81
2013-09-13,678417,571
2013-09-13,678417,571
2013-09-13,53312,162
2013-09-13,53312,81
2013-09-13,53312,81
2013-09-13,636668,162
2013-09-13,964100,571
2013-09-14,106832,162
2013-09-14,106832,571
2013-09-14,397698,1333
2013-09-14,698195,162
2013-09-14,698195,648
2013-09-14,698195,81
2013-09-14,69575,324
2013-09-14,696807,1458
2013-09-14,184158,1333
2013-09-14,83174,729
2013-09-14,83174,243
2013-09-14,138461,571
2013-09-14,138461,81
2013-09-14,349510,81
2013-09-14,950445,571
2013-09-14,950445,571
2013-09-14,930157,81
2013-09-14,930157,81
2013-09-14,49270,1142
2013-09-14,49270,1333
2013-09-14,526252,162
2013-09-14,636668,162
2013-09-14,259233,571
2013-09-14,411347,1333
2013-09-14,411347,1333
2013-09-14,800232,81
2013-09-15,776853,486
2013-09-15,776853,1333
2013-09-15,776853,571
2013-09-15,106832,1142
2013-09-15,106832,243
2013-09-15,106832,324
2013-09-15,698195,1333
2013-09-15,69575,162
2013-09-15,436316,571
2013-09-15,473727,571
2013-09-15,692383,81
2013-09-15,826925,81
2013-09-15,769174,81
2013-09-15,769174,567
2013-09-15,769174,891
2013-09-15,769174,486
2013-09-15,196570,1333
2013-09-15,930157,162
2013-09-15,120216,571
2013-09-15,49270,571
2013-09-15,49270,243
2013-09-15,49270,571
2013-09-15,832600,81
2013-09-15,526252,324
2013-09-15,526252,243
2013-09-15,780983,81
2013-09-15,600591,571
2013-09-15,600591,162
2013-09-15,600591,1333
2013-09-15,600591,1333
2013-09-15,600591,571
2013-09-15,625542,162
2013-09-15,625542,324
2013-09-15,625542,81
2013-09-15,69430,571
2013-09-15,69430,2571
2013-09-15,259233,81
2013-09-15,259233,81
2013-09-15,411347,571
2013-09-15,544198,162
2013-09-15,343805,81
2013-09-15,450986,162
2013-09-15,450986,81
2013-09-15,26623,81
2013-09-16,776853,2571
2013-09-16,776853,1333
2013-09-16,776120,81
2013-09-16,777775,81
2013-09-16,777775,81
2013-09-16,106832,1701
2013-09-16,698195,1429
2013-09-16,698195,571
2013-09-16,698195,1333
2013-09-16,69575,162
2013-09-16,696807,333
2013-09-16,696807,324
2013-09-16,748904,81
2013-09-16,473727,81
2013-09-16,768586,243
2013-09-16,768586,567
2013-09-16,692383,666
2013-09-16,18886,1429
2013-09-16,18886,162
2013-09-16,484271,1333
2013-09-16,484271,2571
2013-09-16,484271,1429
2013-09-16,921809,81
2013-09-16,846205,81
2013-09-16,196570,81
2013-09-16,570270,81
2013-09-16,794654,81
2013-09-16,829650,81
2013-09-16,822191,81
2013-09-16,445597,333
2013-09-16,574199,81
2013-09-16,574199,81
2013-09-16,402068,81
2013-09-16,120216,2571
2013-09-16,938686,81
2013-09-16,649489,81
2013-09-16,600591,1429
2013-09-16,5989,1429
2013-09-16,321441,405
2013-09-16,321441,81
2013-09-16,696594,81
2013-09-16,696594,333
2013-09-16,696594,81
2013-09-16,625542,81
2013-09-16,259233,333
2013-09-16,981360,2571
2013-09-16,169662,81
2013-09-16,341839,81
2013-09-17,698195,81
2013-09-17,141168,81
2013-09-17,696807,571
2013-09-17,696807,243
2013-09-17,696807,571
2013-09-17,696807,81
2013-09-17,696807,333
2013-09-17,748904,333
2013-09-17,18886,567
2013-09-17,484271,81
2013-09-17,196570,81
2013-09-17,923467,1429
2013-09-17,570270,2571
2013-09-17,570270,2858
2013-09-17,414531,81
2013-09-17,118158,81
2013-09-17,367093,2571
2013-09-17,49270,1429
2013-09-17,49270,324
2013-09-17,600591,81
2013-09-17,600591,162
2013-09-17,5989,1333
2013-09-17,826697,81
2013-09-17,625542,333
2013-09-17,259233,333
2013-09-17,733887,1429
2013-09-17,343805,81
2013-09-17,800232,81
2013-09-17,966836,1333
2013-09-17,966836,1333
2013-09-17,169662,81
2013-09-17,964100,1429
2013-09-17,638631,81
2013-09-17,26623,81
2013-09-17,26623,162
2013-09-18,219501,1333
2013-09-18,696807,1296
2013-09-18,748904,162
2013-09-18,73861,81
2013-09-18,430129,162
2013-09-18,950445,1333
2013-09-18,950445,571
2013-09-18,994056,81
2013-09-18,574199,81
2013-09-18,49270,1333
2013-09-18,49270,1333
2013-09-18,832600,162
2013-09-18,800232,81
2013-09-19,776853,2571
2013-09-19,183356,571
2013-09-19,183356,571
2013-09-19,183356,1333
2013-09-19,696807,324
2013-09-19,483106,648
2013-09-19,483106,571
2013-09-19,483106,1713
2013-09-19,748904,162
2013-09-19,748904,162
2013-09-19,73861,571
2013-09-19,692383,81
2013-09-19,430129,81
2013-09-19,410975,81
2013-09-19,649489,81
2013-09-19,99774,571
2013-09-19,696594,1333
2013-09-19,696594,1333
2013-09-19,696594,571
2013-09-20,776853,1333
2013-09-20,106832,2571
2013-09-20,698195,1333
2013-09-20,183356,571
2013-09-20,183356,2187
2013-09-20,183356,405
2013-09-20,183356,2916
2013-09-20,696807,648
2013-09-20,483106,486
2013-09-20,483106,162
2013-09-20,748904,162
2013-09-20,767658,81
2013-09-20,767658,162
2013-09-20,817077,81
2013-09-20,923467,1333
2013-09-20,430129,243
2013-09-20,275677,81
2013-09-20,942127,571
2013-09-20,942127,81
2013-09-20,636668,243
2013-09-20,259233,81
2013-09-20,733887,81
2013-09-20,800232,571
2013-09-20,800232,81
2013-09-20,800232,81
2013-09-20,11595,162
2013-09-20,964100,162
2013-09-21,106832,162
2013-09-21,698195,1333
2013-09-21,698195,333
2013-09-21,698195,1905
2013-09-21,183356,162
2013-09-21,483106,81
2013-09-21,483106,571
2013-09-21,483106,571
2013-09-21,483106,243
2013-09-21,483106,333
2013-09-21,358327,162
2013-09-21,748904,81
2013-09-21,473727,333
2013-09-21,817077,571
2013-09-21,817077,81
2013-09-21,484271,1905
2013-09-21,936368,405
2013-09-21,936368,324
2013-09-21,711765,81
2013-09-21,923467,333
2013-09-21,570270,1905
2013-09-21,570270,486
2013-09-21,430129,333
2013-09-21,430129,486
2013-09-21,430129,162
2013-09-21,11542,81
2013-09-21,829650,81
2013-09-21,994056,81
2013-09-21,529714,333
2013-09-21,275677,81
2013-09-21,367093,2571
2013-09-21,143553,333
2013-09-21,49270,333
2013-09-21,259233,571
2013-09-21,800232,162
2013-09-21,800232,333
2013-09-21,800232,571
2013-09-21,11595,81
2013-09-21,964100,162
2013-09-21,964100,162
2013-09-21,247664,162
2013-09-22,698195,1333
2013-09-22,183356,1333
2013-09-22,183356,1142
2013-09-22,183356,162
2013-09-22,804005,1333
2013-09-22,483106,243
2013-09-22,483106,162
2013-09-22,748904,333
2013-09-22,748904,243
2013-09-22,73861,333
2013-09-22,73861,81
2013-09-22,692383,243
2013-09-22,484271,2571
2013-09-22,936368,567
2013-09-22,936368,81
2013-09-22,196570,1905
2013-09-22,923467,571
2013-09-22,570270,162
2013-09-22,570270,333
2013-09-22,829650,571
2013-09-22,118158,162
2013-09-22,118158,571
2013-09-22,55168,81
2013-09-22,120216,1905
2013-09-22,49270,571
2013-09-22,130378,0
2013-09-22,696594,571
2013-09-22,696594,333
2013-09-22,259233,81
2013-09-22,259233,571
2013-09-22,800232,1905
2013-09-22,800232,2571
2013-09-22,966836,571
2013-09-22,964100,571
2013-09-22,964100,162
2013-09-22,341839,333
2013-09-22,341839,81
2013-09-23,698195,1429
2013-09-23,698195,333
2013-09-23,698195,571
2013-09-23,69575,162
2013-09-23,696807,571
2013-09-23,696807,571
2013-09-23,696807,1429
2013-09-23,696807,476
2013-09-23,483106,162
2013-09-23,518124,81
2013-09-23,73861,1429
2013-09-23,936368,162
2013-09-23,570270,162
2013-09-23,430129,81
2013-09-23,430129,333
2013-09-23,275677,81
2013-09-23,120216,81
2013-09-23,342139,81
2013-09-23,600591,1429
2013-09-23,600591,571
2013-09-23,130378,333
2013-09-24,698195,324
2013-09-24,69575,162
2013-09-24,696807,1429
2013-09-24,885585,333
2013-09-24,885585,243
2013-09-24,885585,81
2013-09-24,358327,162
2013-09-24,748904,81
2013-09-24,692383,333
2013-09-24,484271,2571
2013-09-24,484271,1429
2013-09-24,769174,81
2013-09-24,570270,486
2013-09-24,430129,333
2013-09-24,430129,324
2013-09-24,430129,162
2013-09-24,275677,81
2013-09-24,275677,405
2013-09-24,275677,333
2013-09-24,574199,81
2013-09-24,600591,324
2013-09-24,130378,81
2013-09-24,130378,81
2013-09-24,625542,333
2013-09-24,26623,81
2013-09-25,106832,81
2013-09-25,106832,243
2013-09-25,698195,81
2013-09-25,69575,476
2013-09-25,696807,81
2013-09-25,885585,81
2013-09-25,692383,571
2013-09-25,18886,1701
2013-09-25,18886,1333
2013-09-25,18886,476
2013-09-25,533350,81
2013-09-25,655642,81
2013-09-25,196570,81
2013-09-25,983814,162
2013-09-25,983814,81
2013-09-25,983814,405
2013-09-25,983814,571
2013-09-25,983814,81
2013-09-25,983814,81
2013-09-25,430129,648
2013-09-25,430129,810
2013-09-25,794654,243
2013-09-25,275677,162
2013-09-25,275677,81
2013-09-25,504099,571
2013-09-25,143553,81
2013-09-25,342139,81
2013-09-25,832600,81
2013-09-25,600591,81
2013-09-25,600591,162
2013-09-25,538791,81
2013-09-25,625542,81
2013-09-25,625542,81
2013-09-25,625542,324
2013-09-25,259233,571
2013-09-25,798269,162
2013-09-26,69575,162
2013-09-26,696807,571
2013-09-26,696807,486
2013-09-26,696807,324
2013-09-26,484271,81
2013-09-26,932452,81
2013-09-26,932452,81
2013-09-26,430129,162
2013-09-26,430129,324
2013-09-26,430129,243
2013-09-26,275677,81
2013-09-26,275677,405
2013-09-26,504099,571
2013-09-26,600591,162
2013-09-26,130378,81
2013-09-26,321441,81
2013-09-26,117187,162
2013-09-26,625542,81
2013-09-26,11595,476
2013-09-27,224645,81
2013-09-27,698195,1429
2013-09-27,698195,81
2013-09-27,69575,162
2013-09-27,696807,648
2013-09-27,696807,81
2013-09-27,696807,571
2013-09-27,483106,81
2013-09-27,885585,81
2013-09-27,748904,81
2013-09-27,748904,81
2013-09-27,356232,81
2013-09-27,473727,81
2013-09-27,692383,81
2013-09-27,484271,81
2013-09-27,484271,1429
2013-09-27,826925,81
2013-09-27,846205,81
2013-09-27,196570,162
2013-09-27,196570,81
2013-09-27,430129,567
2013-09-27,430129,810
2013-09-27,430129,81
2013-09-27,231891,81
2013-09-27,231891,81
2013-09-27,529714,81
2013-09-27,574199,81
2013-09-27,574199,162
2013-09-27,257225,571
2013-09-27,257225,162
2013-09-27,143553,571
2013-09-27,130378,81
2013-09-27,5989,81
2013-09-27,117187,81
2013-09-27,678417,571
2013-09-27,259233,81
2013-09-27,374281,81
2013-09-27,918669,81
2013-09-27,140114,81
2013-09-27,26623,162
2013-09-28,696807,81
2013-09-28,885585,162
2013-09-28,748904,81
2013-09-28,846205,81
2013-09-28,570270,1429
2013-09-28,570270,81
2013-09-28,430129,81
2013-09-28,430129,162
2013-09-28,794654,81
2013-09-28,829650,81
2013-09-28,875345,81
2013-09-28,994056,81
2013-09-28,234564,81
2013-09-28,98258,81
2013-09-28,11128,81
2013-09-28,257225,486
2013-09-28,257225,81
2013-09-28,370927,1429
2013-09-28,143553,81
2013-09-28,60643,81
2013-09-28,130378,81
2013-09-28,625542,81
2013-09-28,259233,571
2013-09-28,259233,81
2013-09-28,211199,81
2013-09-29,698195,324
2013-09-29,696807,1428
2013-09-29,696807,324
2013-09-29,671690,81
2013-09-29,885585,1333
2013-09-29,885585,571
2013-09-29,748904,81
2013-09-29,692383,571
2013-09-29,692383,162
2013-09-29,692383,81
2013-09-29,596056,81
2013-09-29,21223,81
2013-09-29,983814,571
2013-09-29,983814,162
2013-09-29,983814,324
2013-09-29,430129,162
2013-09-29,430129,162
2013-09-29,628519,162
2013-09-29,628519,571
2013-09-29,257225,571
2013-09-29,257225,486
2013-09-29,370927,162
2013-09-29,342139,81
2013-09-29,917057,571
2013-09-29,917057,162
2013-09-29,546997,571
2013-09-29,5989,81
2013-09-29,99774,81
2013-09-29,99774,324
2013-09-29,178215,243
2013-09-29,178215,486
2013-09-29,625542,1142
2013-09-29,625542,571
2013-09-29,625542,162
2013-09-29,625542,162
2013-09-29,625542,81
2013-09-29,625542,324
2013-09-29,981360,571
2013-09-30,106832,81
2013-09-30,106832,81
2013-09-30,698195,81
2013-09-30,698195,333
2013-09-30,698195,1429
2013-09-30,696807,476
2013-09-30,696807,162
2013-09-30,748904,81
2013-09-30,748904,571
2013-09-30,356232,81
2013-09-30,968154,81
2013-09-30,473727,81
2013-09-30,473727,81
2013-09-30,473727,1429
2013-09-30,484271,1429
2013-09-30,846205,81
2013-09-30,769174,81
2013-09-30,196570,81
2013-09-30,430129,81
2013-09-30,108387,81
2013-09-30,103581,81
2013-09-30,143553,333
2013-09-30,600591,2858
2013-09-30,600591,243
2013-09-30,600591,648
2013-09-30,917057,476
2013-09-30,776390,81
2013-09-30,826697,81
2013-09-30,107733,81
2013-10-01,106832,2858
2013-10-01,106832,571
2013-10-01,476345,81
2013-10-01,476345,243
2013-10-01,696807,405
2013-10-01,885585,81
2013-10-01,184158,1429
2013-10-01,184158,666
2013-10-01,748904,333
2013-10-01,5332,1333
2013-10-01,968154,81
2013-10-01,692383,333
2013-10-01,18886,1429
2013-10-01,484271,81
2013-10-01,932452,1333
2013-10-01,570270,1429
2013-10-01,570270,81
2013-10-01,430129,81
2013-10-01,430129,1332
2013-10-01,794654,81
2013-10-01,912996,1429
2013-10-01,342139,81
2013-10-01,401902,81
2013-10-01,99774,81
2013-10-01,672266,1429
2013-10-01,782256,333
2013-10-01,782256,81
2013-10-01,826697,571
2013-10-01,259233,1333
2013-10-02,696807,571
2013-10-02,696807,571
2013-10-02,518124,729
2013-10-02,356232,243
2013-10-02,356232,162
2013-10-02,968154,162
2013-10-02,692383,571
2013-10-02,704224,81
2013-10-02,832600,162
2013-10-02,401902,81
2013-10-02,401902,81
2013-10-02,600591,162
2013-10-02,130378,571
2013-10-02,696594,2571
2013-10-02,139181,162
2013-10-02,139181,81
2013-10-02,958857,324
2013-10-03,5332,1333
2013-10-03,769174,162
2013-10-03,644914,81
2013-10-03,644914,243
2013-10-03,143553,162
2013-10-03,401902,2571
2013-10-03,525627,81
2013-10-03,600591,486
2013-10-03,600591,162
2013-10-03,919280,81
2013-10-03,696594,1333
2013-10-03,958857,1333
2013-10-04,776853,243
2013-10-04,776853,81
2013-10-04,698195,2571
2013-10-04,473727,810
2013-10-04,887549,81
2013-10-04,430129,81
2013-10-04,430129,162
2013-10-04,430129,162
2013-10-04,529714,81
2013-10-04,401902,2571
2013-10-04,772769,81
2013-10-04,600591,162
2013-10-04,600591,162
2013-10-04,130378,81
2013-10-04,5989,81
2013-10-04,99774,571
2013-10-04,259233,81
2013-10-04,259233,162
2013-10-04,532266,81
2013-10-04,532266,243
2013-10-05,476345,162
2013-10-05,698195,324
2013-10-05,696807,571
2013-10-05,748904,81
2013-10-05,356232,162
2013-10-05,473727,486
2013-10-05,692383,81
2013-10-05,932452,81
2013-10-05,442893,81
2013-10-05,819151,81
2013-10-05,769174,162
2013-10-05,196570,162
2013-10-05,430129,162
2013-10-05,430129,486
2013-10-05,231891,81
2013-10-05,414531,81
2013-10-05,829650,81
2013-10-05,3563,81
2013-10-05,98258,81
2013-10-05,912996,81
2013-10-05,600591,162
2013-10-05,600591,162
2013-10-05,259233,571
2013-10-05,259233,162
2013-10-05,883405,81
2013-10-05,883405,81
2013-10-05,532266,81
2013-10-05,958857,81
2013-10-06,483106,81
2013-10-06,748904,162
2013-10-06,5332,1333
2013-10-06,692383,81
2013-10-06,692383,162
2013-10-06,692383,324
2013-10-06,887549,162
2013-10-06,983814,81
2013-10-06,430129,81
2013-10-06,290280,81
2013-10-06,757513,81
2013-10-06,930157,81
2013-10-06,257225,162
2013-10-06,942127,81
2013-10-06,401902,5142
2013-10-06,401902,324
2013-10-06,401902,1333
2013-10-06,401902,1333
2013-10-06,401902,243
2013-10-06,600591,571
2013-10-06,600591,2571
2013-10-06,600591,162
2013-10-06,600591,1333
2013-10-06,919280,81
2013-10-06,696594,81
2013-10-06,696594,81
2013-10-06,625542,162
2013-10-06,625542,81
2013-10-06,678417,571
2013-10-06,259233,162
2013-10-06,259233,1333
2013-10-06,981360,1333
2013-10-06,958857,1333
2013-10-07,106832,571
2013-10-07,106832,81
2013-10-07,698195,1429
2013-10-07,698195,333
2013-10-07,698195,81
2013-10-07,696807,333
2013-10-07,696807,571
2013-10-07,696807,81
2013-10-07,748904,333
2013-10-07,484271,2571
2013-10-07,484271,1429
2013-10-07,432284,333
2013-10-07,432284,81
2013-10-07,430129,666
2013-10-07,430129,162
2013-10-07,829650,1429
2013-10-07,143553,333
2013-10-07,600591,1429
2013-10-07,600591,324
2013-10-07,130378,81
2013-10-07,142777,81
2013-10-07,259233,1429
2013-10-07,148618,162
2013-10-07,148618,571
2013-10-07,958857,571
2013-10-08,696807,162
2013-10-08,696807,666
2013-10-08,696807,571
2013-10-08,748904,571
2013-10-08,748904,571
2013-10-08,213086,81
2013-10-08,981274,162
2013-10-08,432284,81
2013-10-08,196570,1429
2013-10-08,430129,81
2013-10-08,120216,2571
2013-10-08,143553,333
2013-10-08,401902,1333
2013-10-08,445873,81
2013-10-08,290307,1429
2013-10-08,958857,1333
2013-10-08,26623,81
2013-10-09,476345,81
2013-10-09,343705,81
2013-10-09,698195,405
2013-10-09,696807,81
2013-10-09,885585,81
2013-10-09,473727,81
2013-10-09,156429,571
2013-10-09,156429,571
2013-10-09,484271,81
2013-10-09,769174,1215
2013-10-09,196570,81
2013-10-09,430129,81
2013-10-09,794654,81
2013-10-09,994056,81
2013-10-09,257225,476
2013-10-09,401902,1296
2013-10-09,401902,1863
2013-10-09,401902,2571
2013-10-09,772769,81
2013-10-09,130378,81
2013-10-09,696594,1333
2013-10-09,678417,571
2013-10-09,290307,2571
2013-10-09,814175,571
2013-10-09,883405,81
2013-10-09,148618,81
2013-10-10,69575,162
2013-10-10,696807,162
2013-10-10,692383,81
2013-10-10,156429,1333
2013-10-10,50129,81
2013-10-10,50129,2571
2013-10-10,983814,81
2013-10-10,430129,81
2013-10-10,231891,81
2013-10-10,270925,81
2013-10-10,257225,81
2013-10-10,401902,1944
2013-10-10,401902,1333
2013-10-10,600591,81
2013-10-10,342858,81
2013-10-10,684135,81
2013-10-10,981360,1333
2013-10-10,981360,2571
2013-10-10,532266,81
2013-10-10,958857,1333
2013-10-11,748904,81
2013-10-11,932452,324
2013-10-11,932452,405
2013-10-11,570270,81
2013-10-11,570270,81
2013-10-11,83740,81
2013-10-11,432316,81
2013-10-11,653288,162
2013-10-11,546997,1333
2013-10-11,546997,1333
2013-10-11,290307,1333
2013-10-11,259233,1333
2013-10-11,259233,81
2013-10-11,26623,81
2013-10-12,792991,81
2013-10-12,698195,324
2013-10-12,696807,952
2013-10-12,748904,81
2013-10-12,932452,486
2013-10-12,711765,1863
2013-10-12,711765,81
2013-10-12,231891,162
2013-10-12,829650,81
2013-10-12,270925,81
2013-10-12,930157,81
2013-10-12,574199,81
2013-10-12,574199,162
2013-10-12,401902,2571
2013-10-12,600591,486
2013-10-12,664370,81
2013-10-12,696594,571
2013-10-12,81170,162
2013-10-12,259233,162
2013-10-12,259233,81
2013-10-12,340216,81
2013-10-12,958857,1333
2013-10-13,343705,162
2013-10-13,698195,81
2013-10-13,698195,571
2013-10-13,698195,324
2013-10-13,696807,476
2013-10-13,696807,162
2013-10-13,307607,81
2013-10-13,748904,81
2013-10-13,692383,81
2013-10-13,932452,972
2013-10-13,30062,476
2013-10-13,711765,1333
2013-10-13,711765,162
2013-10-13,711765,571
2013-10-13,414531,81
2013-10-13,370927,162
2013-10-13,370927,571
2013-10-13,370927,571
2013-10-13,120216,571
2013-10-13,401902,1333
2013-10-13,600591,162
2013-10-13,696594,1333
2013-10-13,696594,2571
2013-10-13,371199,81
2013-10-13,625542,81
2013-10-13,625542,162
2013-10-13,625542,162
2013-10-13,758971,2284
2013-10-13,814175,81
2013-10-13,340216,81
2013-10-13,768618,571
2013-10-13,26623,81
2013-10-14,106832,571
2013-10-14,106832,1429
2013-10-14,106832,729
2013-10-14,476345,81
2013-10-14,414983,476
2013-10-14,696807,81
2013-10-14,696807,476
2013-10-14,696807,1429
2013-10-14,473727,2571
2013-10-14,692383,333
2013-10-14,18886,243
2013-10-14,18886,81
2013-10-14,484271,1429
2013-10-14,484271,2571
2013-10-14,30062,476
2013-10-14,711765,571
2013-10-14,711765,5716
2013-10-14,711765,333
2013-10-14,819151,1333
2013-10-14,769174,567
2013-10-14,196570,81
2013-10-14,231891,81
2013-10-14,438343,81
2013-10-14,529714,333
2013-10-14,809656,81
2013-10-14,367093,2571
2013-10-14,401902,1053
2013-10-14,600591,1429
2013-10-14,600591,162
2013-10-14,919280,405
2013-10-14,546997,1333
2013-10-14,99774,1429
2013-10-14,99774,81
2013-10-14,625542,81
2013-10-14,259233,1429
2013-10-14,958857,571
2013-10-14,958857,1333
2013-10-14,264055,1429
2013-10-14,264055,81
2013-10-14,264055,571
2013-10-15,106832,1333
2013-10-15,698195,1429
2013-10-15,698195,333
2013-10-15,777182,81
2013-10-15,18886,571
2013-10-15,18886,1429
2013-10-15,18886,324
2013-10-15,484271,81
2013-10-15,484271,1429
2013-10-15,711765,81
2013-10-15,711765,571
2013-10-15,570270,1429
2013-10-15,570270,2571
2013-10-15,430129,333
2013-10-15,952227,324
2013-10-15,952227,999
2013-10-15,952227,1134
2013-10-15,952227,243
2013-10-15,952227,571
2013-10-15,574199,333
2013-10-15,600591,81
2013-10-15,600591,324
2013-10-15,142777,81
2013-10-15,142777,81
2013-10-15,696594,571
2013-10-15,696594,1333
2013-10-15,958857,1333
2013-10-15,341839,1429
2013-10-15,26623,81
2013-10-16,698195,486
2013-10-16,698195,1333
2013-10-16,696807,571
2013-10-16,696807,571
2013-10-16,748904,571
2013-10-16,432284,81
2013-10-16,389492,571
2013-10-16,926293,324
2013-10-16,926293,162
2013-10-16,429658,81
2013-10-16,952227,162
2013-10-16,270925,81
2013-10-16,559039,81
2013-10-16,830485,81
2013-10-16,912996,1333
2013-10-16,912996,1333
2013-10-16,401902,1333
2013-10-16,401902,324
2013-10-16,401902,2571
2013-10-16,600591,162
2013-10-16,664370,81
2013-10-16,625542,571
2013-10-16,625542,81
2013-10-16,625542,571
2013-10-16,259233,81
2013-10-16,11595,81
2013-10-16,11595,162
2013-10-17,69575,162
2013-10-17,777182,81
2013-10-17,696807,162
2013-10-17,696807,571
2013-10-17,356232,81
2013-10-17,145305,81
2013-10-17,473727,81
2013-10-17,655642,81
2013-10-17,161532,81
2013-10-17,299477,81
2013-10-17,430129,81
2013-10-17,430129,162
2013-10-17,231891,81
2013-10-17,231891,162
2013-10-17,926293,81
2013-10-17,270925,81
2013-10-17,912996,81
2013-10-17,348831,81
2013-10-17,367093,1333
2013-10-17,367093,1333
2013-10-17,526252,571
2013-10-17,526252,162
2013-10-17,772769,162
2013-10-17,142777,81
2013-10-17,99774,324
2013-10-17,99774,1333
2013-10-17,958857,1333
2013-10-17,26623,81
2013-10-18,698195,95
2013-10-18,698195,1619
2013-10-18,696807,190
2013-10-18,696807,667
2013-10-18,213086,95
2013-10-18,473727,95
2013-10-18,692383,95
2013-10-18,484271,95
2013-10-18,819151,95
2013-10-18,196570,95
2013-10-18,430129,95
2013-10-18,108387,190
2013-10-18,549927,95
2013-10-18,549927,1619
2013-10-18,574199,95
2013-10-18,809656,95
2013-10-18,401902,1619
2013-10-18,401902,95
2013-10-18,526252,542
2013-10-18,526252,95
2013-10-18,772769,95
2013-10-18,600591,190
2013-10-18,649484,95
2013-10-18,546997,1619
2013-10-18,546997,95
2013-10-18,959923,1619
2013-10-18,5989,1619
2013-10-18,5989,95
2013-10-18,696594,1619
2013-10-18,696594,95
2013-10-18,259233,95
2013-10-18,211199,95
2013-10-18,26623,190
2013-10-19,233368,95
2013-10-19,233368,95
2013-10-19,224645,95
2013-10-19,184158,95
2013-10-19,748904,95
2013-10-19,473727,1619
2013-10-19,692383,667
2013-10-19,711765,1524
2013-10-19,709249,95
2013-10-19,709249,667
2013-10-19,21223,95
2013-10-19,819151,1524
2013-10-19,923467,95
2013-10-19,570270,95
2013-10-19,570270,1619
2013-10-19,430129,285
2013-10-19,549927,190
2013-10-19,549927,667
2013-10-19,120216,95
2013-10-19,254325,95
2013-10-19,772769,95
2013-10-19,772769,95
2013-10-19,600591,95
2013-10-19,600591,380
2013-10-19,99774,1619
2013-10-19,625542,95
2013-10-19,958857,1619
2013-10-19,299823,95
2013-10-19,299823,95
2013-10-19,299823,285
2013-10-19,299823,667
2013-10-20,698195,1334
2013-10-20,696807,380
2013-10-20,696807,667
2013-10-20,696807,667
2013-10-20,748904,95
2013-10-20,259697,95
2013-10-20,18886,667
2013-10-20,18886,1524
2013-10-20,819151,380
2013-10-20,923467,380
2013-10-20,108387,571
2013-10-20,389492,667
2013-10-20,549927,285
2013-10-20,809656,95
2013-10-20,401902,190
2013-10-20,401902,1524
2013-10-20,401902,2952
2013-10-20,600591,380
2013-10-20,60643,95
2013-10-20,546997,1524
2013-10-20,546997,1524
2013-10-20,99774,667
2013-10-20,99774,667
2013-10-20,259233,1524
2013-10-20,958857,1524
2013-10-20,958857,667
2013-10-21,233368,95
2013-10-21,401184,95
2013-10-21,696807,1619
2013-10-21,696807,381
2013-10-21,518124,95
2013-10-21,18886,380
2013-10-21,711765,190
2013-10-21,711765,1619
2013-10-21,711765,1334
2013-10-21,21223,95
2013-10-21,766653,95
2013-10-21,430129,762
2013-10-21,950445,667
2013-10-21,257225,190
2013-10-21,401902,3238
2013-10-21,60643,95
2013-10-21,142777,190
2013-10-21,142777,95
2013-10-21,390866,95
2013-10-21,460009,190
2013-10-22,406423,95
2013-10-22,484271,1619
2013-10-22,484271,2952
2013-10-22,299477,381
2013-10-22,430129,95
2013-10-22,430129,381
2013-10-22,574199,381
2013-10-22,681840,190
2013-10-22,254325,95
2013-10-22,43843,95
2013-10-22,43843,285
2013-10-22,69430,475
2013-10-22,259233,1619
2013-10-22,460009,190
2013-10-23,476345,285
2013-10-23,696807,95
2013-10-23,696807,475
2013-10-23,692383,95
2013-10-23,692383,667
2013-10-23,711765,1425
2013-10-23,711765,190
2013-10-23,430129,190
2013-10-23,430129,95
2013-10-23,794654,95
2013-10-23,367093,285
2013-10-23,600591,95
2013-10-23,5989,1615
2013-10-23,142777,95
2013-10-23,142777,190
2013-10-23,625542,95
2013-10-23,625542,95
2013-10-23,259233,95
2013-10-23,241783,95
2013-10-23,11595,571
2013-10-24,696807,667
2013-10-24,748904,95
2013-10-24,915789,95
2013-10-24,196570,95
2013-10-24,430129,95
2013-10-24,430129,190
2013-10-24,430129,380
2013-10-24,630305,95
2013-10-24,257225,190
2013-10-24,5989,190
2013-10-24,142777,95
2013-10-24,725753,95
2013-10-24,725753,95
2013-10-24,981360,2952
2013-10-24,830863,2668
2013-10-24,958857,1524
2013-10-24,411692,95
2013-10-25,696807,380
2013-10-25,696807,95
2013-10-25,600591,380
2013-10-25,826697,190
2013-10-25,43843,667
2013-10-25,830863,667
2013-10-25,26623,95
2013-10-26,696807,667
2013-10-26,696807,570
2013-10-26,692383,190
2013-10-26,445597,380
2013-10-26,445597,667
2013-10-26,445597,667
2013-10-26,630305,95
2013-10-26,942127,190
2013-10-26,942127,285
2013-10-26,942127,95
2013-10-26,600591,190
2013-10-26,826697,95
2013-10-26,826697,95
2013-10-26,826697,380
2013-10-26,43843,1524
2013-10-26,949473,667
2013-10-26,460009,95
2013-10-26,632242,95
2013-10-26,411692,95
2013-10-26,456918,95
2013-10-27,696807,1334
2013-10-27,696807,1524
2013-10-27,696807,667
2013-10-27,692383,190
2013-10-27,692383,190
2013-10-27,711765,1524
2013-10-27,711765,667
2013-10-27,711765,380
2013-10-27,21223,190
2013-10-27,401902,1524
2013-10-27,826697,380
2013-10-27,826697,95
2013-10-27,625542,95
2013-10-27,625542,667
2013-10-27,625542,190
2013-10-27,636668,95
2013-10-27,259233,667
2013-10-27,259233,190
2013-10-27,761370,95
2013-10-27,958857,1524
2013-10-27,632242,190
2013-10-28,233368,95
2013-10-28,401184,95
2013-10-28,698195,2952
2013-10-28,698195,1619
2013-10-28,698195,381
2013-10-28,696807,95
2013-10-28,518124,855
2013-10-28,5332,95
2013-10-28,484271,1619
2013-10-28,484271,760
2013-10-28,611618,95
2013-10-28,611618,381
2013-10-28,711765,1045
2013-10-28,196570,190
2013-10-28,430129,381
2013-10-28,231891,95
2013-10-28,270925,95
2013-10-28,622770,95
2013-10-28,401902,3230
2013-10-28,600591,95
2013-10-28,5989,95
2013-10-28,5989,381
2013-10-28,43843,190
2013-10-28,625542,95
2013-10-28,683736,190
2013-10-28,259233,95
2013-10-28,259233,381
2013-10-28,200353,95
2013-10-28,200353,95
2013-10-28,200353,95
2013-10-28,200353,380
2013-10-28,200353,95
2013-10-29,476345,95
2013-10-29,401184,95
2013-10-29,696807,95
2013-10-29,150752,1524
2013-10-29,150752,667
2013-10-29,18886,475
2013-10-29,484271,2952
2013-10-29,484271,1619
2013-10-29,611618,190
2013-10-29,611618,762
2013-10-29,196570,285
2013-10-29,529714,381
2013-10-29,630305,95
2013-10-29,630305,95
2013-10-29,257225,95
2013-10-29,257225,285
2013-10-29,401902,1330
2013-10-29,401902,1619
2013-10-29,696594,381
2013-10-29,696594,2952
2013-10-29,259233,1524
2013-10-29,632242,190
2013-10-30,696807,665
2013-10-30,150752,95
2013-10-30,150752,380
2013-10-30,377505,95
2013-10-30,413366,95
2013-10-30,413366,285
2013-10-30,794654,95
2013-10-30,740443,95
2013-10-30,830485,95
2013-10-30,66488,475
2013-10-30,66488,190
2013-10-30,66488,95
2013-10-30,66488,95
2013-10-30,401902,475
2013-10-30,600591,190
2013-10-30,60643,95
2013-10-30,162826,95
2013-10-30,43843,95
2013-10-30,577345,190
2013-10-30,632242,95
2013-10-30,411692,95
2013-10-30,26623,95
2013-10-31,484271,95
2013-10-31,611618,380
2013-10-31,574199,95
2013-10-31,401902,95
2013-10-31,401902,95
2013-10-31,259233,95
2013-10-31,173687,95
2013-10-31,411692,95
